parentTconst,primaryTitle,tconst,seasonNumber,episodeNumber,averageRating,numVotes,directors,writers,z
tt0060028,Star Trek,tt0059753,1,0,7.7,4176,nm0125111,nm0734472,0.27340725510874603
tt0060028,Star Trek,tt0061027,1,3,7.8,3761,nm0326360,"nm0670268,nm0734472",0.3994046438708343
tt0092455,Star Trek: The Next Generation,tt0094030,1,1,7,4400,nm0001904,"nm0734472,nm0284894,nm0868124",-0.6085744662258752
tt0106145,Star Trek: Deep Space Nine,tt0108214,1,1,7.5,2792,nm0141222,"nm0734472,nm0075834,nm0683522",0.02141247758456835
tt0092455,Star Trek: The Next Generation,tt0111281,7,25,8.7,6719,nm0463926,"nm0734472,nm0601822,nm0103804",1.533381142729632
tt0112178,Star Trek: Voyager,tt0114530,1,1,7.4,2703,nm0463926,"nm0734472,nm0075834,nm0683522,nm0852578",-0.10458491117751992
tt0092455,Star Trek: The Next Generation,tt0162905,5,18,9,2285,nm0000408,"nm0734472,nm0103804",1.911373309015899
tt0092455,Star Trek: The Next Generation,tt0170501,5,1,8.4,1624,nm0141222,"nm0734472,nm0601822",1.1553889764433674
tt0244365,Star Trek: Enterprise,tt0286610,1,1,7.6,3396,nm0176702,"nm0734472,nm0075834,nm0103804",0.14740986634665662
tt0060028,Star Trek,tt0394903,1,13,7.3,2146,nm0652631,"nm0873200,nm0734472",-0.2305822999396093
tt0060028,Star Trek,tt0394904,1,11,8.4,2441,"nm0200022,nm0125111",nm0734472,1.1553889764433674
tt0060028,Star Trek,tt0394905,1,8,7.1,2360,nm0568546,"nm0818649,nm0734472",-0.482577077463787
tt0106145,Star Trek: Deep Space Nine,tt0394906,4,1,9,1326,nm0176702,"nm0734472,nm0075834,nm0683522,nm0066985,nm0938129",1.911373309015899
tt0106145,Star Trek: Deep Space Nine,tt0394907,7,25,8.8,1160,nm0471862,"nm0734472,nm0075834,nm0683522,nm0066985,nm0067234",1.6593785314917227
tt0112178,Star Trek: Voyager,tt0394908,3,16,7.3,842,nm0732367,"nm0734472,nm0075834,nm0683522,nm0852578,nm0459822",-0.2305822999396093
tt0112178,Star Trek: Voyager,tt0394909,5,10,7.9,954,nm0484464,"nm0734472,nm0075834,nm0683522,nm0852578,nm0852899",0.5254020326329236
tt0112178,Star Trek: Voyager,tt0394910,5,15,8.4,964,nm0092853,"nm0734472,nm0075834,nm0683522,nm0852578,nm0103804,nm0579775,nm0298188,nm0755986",1.1553889764433674
tt0112178,Star Trek: Voyager,tt0394911,7,25,8.5,1389,nm0471862,"nm0734472,nm0075834,nm0683522,nm0852578,nm0082376,nm1201266,nm0103804",1.2813863652054556
tt0112178,Star Trek: Voyager,tt0394912,7,9,7.6,806,nm0892144,"nm0734472,nm0075834,nm0683522,nm0852578,nm0298188,nm0597443,nm0338249",0.14740986634665662
tt0112178,Star Trek: Voyager,tt0394913,4,18,7.8,938,nm0515237,"nm0734472,nm0075834,nm0683522,nm0852578,nm0103804,nm0579775",0.3994046438708343
tt0112178,Star Trek: Voyager,tt0394914,7,12,7,808,nm0491496,"nm0734472,nm0075834,nm0683522,nm0852578,nm0434851",-0.6085744662258752
tt0112178,Star Trek: Voyager,tt0394915,3,7,5.9,953,nm0000536,"nm0734472,nm0075834,nm0683522,nm0852578,nm0459822,nm1206002",-1.9945457426088506
tt0112178,Star Trek: Voyager,tt0394916,7,16,7.7,796,nm0471862,"nm0734472,nm0075834,nm0683522,nm0852578,nm0082376,nm0298188",0.27340725510874603
tt0244365,Star Trek: Enterprise,tt0572172,2,5,6.8,824,nm0833191,"nm0734472,nm0075834,nm0103804",-0.860569243750053
tt0244365,Star Trek: Enterprise,tt0572173,1,19,7.6,860,nm0926215,"nm0734472,nm0075834,nm0103804,nm0415111,nm0415110",0.14740986634665662
tt0244365,Star Trek: Enterprise,tt0572174,4,15,8.1,686,nm0343687,"nm0734472,nm0075834,nm0103804,nm0839943,nm0182873",0.7773968101571002
tt0244365,Star Trek: Enterprise,tt0572175,3,2,8,718,nm0833191,"nm0734472,nm0075834,nm0103804,nm0839943",0.651399421395012
tt0244365,Star Trek: Enterprise,tt0572176,4,8,8.3,711,nm0206259,"nm0734472,nm0075834,nm0103804,nm0097004",1.029391587681279
tt0244365,Star Trek: Enterprise,tt0572177,3,18,8.7,772,nm0471862,"nm0734472,nm0075834,nm0103804,nm0182873,nm0097004",1.533381142729632
tt0244365,Star Trek: Enterprise,tt0572178,4,12,8.5,713,nm0833191,"nm0734472,nm0075834,nm0103804,nm0839943,nm0097004",1.2813863652054556
tt0244365,Star Trek: Enterprise,tt0572179,4,4,8.1,757,nm0515237,"nm0734472,nm0075834,nm0103804,nm0493855",0.7773968101571002
tt0244365,Star Trek: Enterprise,tt0572180,4,17,7,698,nm0471862,"nm0734472,nm0075834,nm0103804,nm0182873",-0.6085744662258752
tt0244365,Star Trek: Enterprise,tt0572181,2,25,7,679,nm0206259,"nm0734472,nm0075834,nm0103804,nm0864834,nm0839943,nm0835040",-0.6085744662258752
tt0244365,Star Trek: Enterprise,tt0572182,1,8,7.2,854,nm0934664,"nm0734472,nm0075834,nm0103804,nm0415110,nm0415111",-0.3565796887016976
tt0244365,Star Trek: Enterprise,tt0572184,1,2,7.9,1439,nm0176702,"nm0734472,nm0075834,nm0103804",0.5254020326329236
tt0244365,Star Trek: Enterprise,tt0572185,2,17,6.9,687,nm0471862,"nm0734472,nm0075834,nm0103804,nm0793062",-0.7345718549879635
tt0244365,Star Trek: Enterprise,tt0572186,2,2,8.4,1035,nm0176448,"nm0734472,nm0075834,nm0103804,nm0085220,nm0642591",1.1553889764433674
tt0244365,Star Trek: Enterprise,tt0572187,3,11,7.5,770,nm0892144,"nm0734472,nm0075834,nm0103804",0.02141247758456835
tt0244365,Star Trek: Enterprise,tt0572188,2,15,8.1,764,nm0833191,"nm0734472,nm0075834,nm0103804,nm0085220",0.7773968101571002
tt0244365,Star Trek: Enterprise,tt0572189,3,12,6.9,735,nm0206259,"nm0734472,nm0075834,nm0103804,nm0182873",-0.7345718549879635
tt0244365,Star Trek: Enterprise,tt0572190,1,9,7.2,844,nm0892144,"nm0734472,nm0075834,nm0103804,nm0839943,nm0835040",-0.3565796887016976
tt0244365,Star Trek: Enterprise,tt0572191,2,22,7.9,903,nm0000996,"nm0734472,nm0075834,nm0103804",0.5254020326329236
tt0244365,Star Trek: Enterprise,tt0572192,1,11,7.8,850,nm0000536,"nm0734472,nm0075834,nm0103804,nm1000108,nm1027060",0.3994046438708343
tt0244365,Star Trek: Enterprise,tt0572193,4,5,8.1,722,nm0892144,"nm0734472,nm0075834,nm0103804,nm0107524",0.7773968101571002
tt0244365,Star Trek: Enterprise,tt0572194,3,23,8.6,714,nm0000536,"nm0734472,nm0075834,nm0103804,nm0097004,nm0085220",1.4073837539675438
tt0244365,Star Trek: Enterprise,tt0572195,4,10,6.4,669,nm0833191,"nm0734472,nm0075834,nm0103804,nm0107524,nm0493855",-1.3645587987984071
tt0244365,Star Trek: Enterprise,tt0572196,3,19,8.2,724,nm0176702,"nm0734472,nm0075834,nm0103804,nm0835040,nm0097004",0.9033941989191885
tt0244365,Star Trek: Enterprise,tt0572197,2,13,7.4,722,nm0206259,"nm0734472,nm0075834,nm0103804,nm0793062",-0.10458491117751992
tt0244365,Star Trek: Enterprise,tt0572198,2,4,8.1,843,nm0206259,"nm0734472,nm0075834,nm0103804,nm0839943,nm0835040",0.7773968101571002
tt0244365,Star Trek: Enterprise,tt0572199,1,13,8,926,nm0176448,"nm0734472,nm0075834,nm0103804,nm0415110,nm0415111",0.651399421395012
tt0244365,Star Trek: Enterprise,tt0572200,4,20,7.9,679,nm0000996,"nm0734472,nm0075834,nm0103804,nm0182873",0.5254020326329236
tt0244365,Star Trek: Enterprise,tt0572201,1,24,7,756,nm0833191,"nm0734472,nm0075834,nm0103804,nm0097004",-0.6085744662258752
tt0244365,Star Trek: Enterprise,tt0572202,1,21,7.4,761,nm0515237,"nm0734472,nm0075834,nm0103804,nm0839943,nm0835040",-0.10458491117751992
tt0244365,Star Trek: Enterprise,tt0572203,4,16,8.1,673,nm0057106,"nm0734472,nm0075834,nm0103804,nm0716320,nm0716321",0.7773968101571002
tt0244365,Star Trek: Enterprise,tt0572204,3,16,7.5,715,nm0206259,"nm0734472,nm0075834,nm0103804,nm0085220,nm0097004",0.02141247758456835
tt0244365,Star Trek: Enterprise,tt0572205,3,21,8,748,nm0206259,"nm0734472,nm0075834,nm0103804,nm0839943,nm0097004",0.651399421395012
tt0244365,Star Trek: Enterprise,tt0572206,3,6,7,700,nm0206259,"nm0734472,nm0075834,nm0103804,nm0835040",-0.6085744662258752
tt0244365,Star Trek: Enterprise,tt0572207,3,3,6.2,730,nm0000996,"nm0734472,nm0075834,nm0103804,nm0097004",-1.6165535763225847
tt0244365,Star Trek: Enterprise,tt0572208,1,23,8.1,810,nm0606845,"nm0734472,nm0075834,nm0103804,nm0189101,nm0085220",0.7773968101571002
tt0244365,Star Trek: Enterprise,tt0572209,1,3,7,927,nm0471862,"nm0734472,nm0075834,nm0103804",-0.6085744662258752
tt0244365,Star Trek: Enterprise,tt0572210,2,24,7.6,749,nm0000996,"nm0734472,nm0075834,nm0103804,nm0793062,nm0085220",0.14740986634665662
tt0244365,Star Trek: Enterprise,tt0572211,1,10,6.6,817,nm0000996,"nm0734472,nm0075834,nm0103804,nm0240384",-1.1125640212742305
tt0244365,Star Trek: Enterprise,tt0572212,1,17,7.1,809,nm0373154,"nm0734472,nm0075834,nm0103804,nm0835040,nm0839943",-0.482577077463787
tt0244365,Star Trek: Enterprise,tt0572213,2,16,8.2,757,nm0926215,"nm0734472,nm0075834,nm0103804,nm0839943,nm0835040",0.9033941989191885
tt0244365,Star Trek: Enterprise,tt0572214,3,15,7.6,713,nm0515237,"nm0734472,nm0075834,nm0103804,nm0182873,nm0097004",0.14740986634665662
tt0244365,Star Trek: Enterprise,tt0572215,3,17,6.9,689,nm0343687,"nm0734472,nm0075834,nm0103804,nm0097004,nm0839943",-0.7345718549879635
tt0244365,Star Trek: Enterprise,tt0572216,4,3,8.1,1325,nm0471862,"nm0734472,nm0075834,nm0103804,nm0839943",0.7773968101571002
tt0244365,Star Trek: Enterprise,tt0572217,2,20,6.7,701,nm0176448,"nm0734472,nm0075834,nm0103804,nm0097004",-0.9865666325121412
tt0244365,Star Trek: Enterprise,tt0572218,3,5,7.6,736,nm0515237,"nm0734472,nm0075834,nm0103804,nm0272989,nm0558052",0.14740986634665662
tt0244365,Star Trek: Enterprise,tt0572219,4,18,8.7,974,nm0176702,"nm0734472,nm0075834,nm0103804,nm0839943",1.533381142729632
tt0244365,Star Trek: Enterprise,tt0572220,4,19,8.6,922,nm0750691,"nm0734472,nm0075834,nm0103804,nm0839943,nm0182873",1.4073837539675438
tt0244365,Star Trek: Enterprise,tt0572221,2,19,7.7,747,nm0176702,"nm0734472,nm0075834,nm0103804,nm0329047,nm0255473",0.27340725510874603
tt0244365,Star Trek: Enterprise,tt0572222,4,9,8.6,717,nm0515237,"nm0734472,nm0075834,nm0103804,nm0839943",1.4073837539675438
tt0244365,Star Trek: Enterprise,tt0572223,2,6,6.8,763,nm0892144,"nm0734472,nm0075834,nm0103804,nm1243918",-0.860569243750053
tt0244365,Star Trek: Enterprise,tt0572224,2,3,7.6,788,nm0176448,"nm0734472,nm0075834,nm0103804,nm0793062,nm7610846",0.14740986634665662
tt0244365,Star Trek: Enterprise,tt0572225,3,9,7,776,nm0833191,"nm0734472,nm0075834,nm0103804,nm0329047",-0.6085744662258752
tt0244365,Star Trek: Enterprise,tt0572226,1,20,7.1,774,nm0153191,"nm0734472,nm0075834,nm0103804,nm1000108",-0.482577077463787
tt0244365,Star Trek: Enterprise,tt0572227,2,11,6.7,772,nm0515237,"nm0734472,nm0075834,nm0103804,nm0329047",-0.9865666325121412
tt0244365,Star Trek: Enterprise,tt0572228,3,13,8.4,752,nm0515237,"nm0734472,nm0075834,nm0103804,nm0085220,nm0097004",1.1553889764433674
tt0244365,Star Trek: Enterprise,tt0572229,3,4,7.2,715,nm0892144,"nm0734472,nm0075834,nm0103804,nm0295165,nm0085220,nm0114399",-0.3565796887016976
tt0244365,Star Trek: Enterprise,tt0572230,2,23,8.6,1451,nm0515237,"nm0734472,nm0075834,nm0103804,nm0839943,nm0835040",1.4073837539675438
tt0244365,Star Trek: Enterprise,tt0572231,1,18,6.7,791,nm0471862,"nm0734472,nm0075834,nm0103804,nm0085220",-0.9865666325121412
tt0244365,Star Trek: Enterprise,tt0572232,1,15,7.8,822,nm0892144,"nm0734472,nm0075834,nm0103804,nm0839943,nm0835040",0.3994046438708343
tt0244365,Star Trek: Enterprise,tt0572233,1,26,8.5,815,nm0471862,"nm0734472,nm0075834,nm0103804",1.2813863652054556
tt0244365,Star Trek: Enterprise,tt0572234,2,1,8.4,1326,nm0471862,"nm0734472,nm0075834,nm0103804",1.1553889764433674
tt0244365,Star Trek: Enterprise,tt0572235,1,12,7.7,840,nm0463926,"nm0734472,nm0075834,nm0103804,nm0097004",0.27340725510874603
tt0244365,Star Trek: Enterprise,tt0572236,3,10,8.4,934,nm0000996,"nm0734472,nm0075834,nm0103804,nm0182873,nm0097004,nm0272989",1.1553889764433674
tt0244365,Star Trek: Enterprise,tt0572237,2,9,7.5,757,nm0606845,"nm0734472,nm0075834,nm0103804,nm0085220",0.02141247758456835
tt0244365,Star Trek: Enterprise,tt0572238,1,14,7.2,781,nm0484464,"nm0734472,nm0075834,nm0103804,nm0215269",-0.3565796887016976
tt0244365,Star Trek: Enterprise,tt0572239,2,14,7.6,759,nm0515237,"nm0734472,nm0075834,nm0103804",0.14740986634665662
tt0244365,Star Trek: Enterprise,tt0572240,4,1,7.5,758,nm0471862,"nm0734472,nm0075834,nm0103804,nm0182873",0.02141247758456835
tt0244365,Star Trek: Enterprise,tt0572241,4,2,7.5,722,nm0833191,"nm0734472,nm0075834,nm0103804,nm0182873",0.02141247758456835
tt0244365,Star Trek: Enterprise,tt0572242,1,4,7,912,nm0515237,"nm0734472,nm0075834,nm0103804,nm0839943,nm0835040",-0.6085744662258752
tt0244365,Star Trek: Enterprise,tt0572243,3,14,8.2,726,nm0892144,"nm0734472,nm0075834,nm0103804,nm0839943,nm0558052,nm0097004",0.9033941989191885
tt0244365,Star Trek: Enterprise,tt0572244,1,6,6.5,887,nm0000996,"nm0734472,nm0075834,nm0103804,nm0826291",-1.238561410036319
tt0244365,Star Trek: Enterprise,tt0572245,4,21,8.3,729,nm0750691,"nm0734472,nm0075834,nm0103804,nm0716321,nm0716320,nm0182873,nm0097004",1.029391587681279
tt0244365,Star Trek: Enterprise,tt0572246,4,14,8.4,697,nm0892144,"nm0734472,nm0075834,nm0103804,nm0097004,nm0182873",1.1553889764433674
tt0244365,Star Trek: Enterprise,tt0572247,1,7,8.1,950,nm0206259,"nm0734472,nm0075834,nm0103804,nm0215269",0.7773968101571002
tt0244365,Star Trek: Enterprise,tt0572248,4,6,8.1,725,nm0000996,"nm0734472,nm0075834,nm0103804,nm0839943",0.7773968101571002
tt0244365,Star Trek: Enterprise,tt0572249,2,21,7.1,679,nm0000536,"nm0734472,nm0075834,nm0103804,nm0085220,nm0793062,nm0565094",-0.482577077463787
tt0244365,Star Trek: Enterprise,tt0572250,2,12,7.6,726,nm0892144,"nm0734472,nm0075834,nm0103804,nm0839943,nm0835040",0.14740986634665662
tt0244365,Star Trek: Enterprise,tt0572251,2,8,7,740,nm0176448,"nm0734472,nm0075834,nm0103804,nm0097004",-0.6085744662258752
tt0244365,Star Trek: Enterprise,tt0572252,3,22,8.5,692,nm0515237,"nm0734472,nm0075834,nm0103804,nm0182873,nm0097004",1.2813863652054556
tt0244365,Star Trek: Enterprise,tt0572253,2,18,7,698,nm0515237,"nm0734472,nm0075834,nm0103804,nm0097004",-0.6085744662258752
tt0244365,Star Trek: Enterprise,tt0572254,2,26,8.4,770,nm0471862,"nm0734472,nm0075834,nm0103804",1.1553889764433674
tt0244365,Star Trek: Enterprise,tt0572255,4,7,8.4,723,nm0343687,"nm0734472,nm0075834,nm0103804,nm0716320,nm0716321",1.1553889764433674
tt0244365,Star Trek: Enterprise,tt0572256,3,20,8,702,nm0000996,"nm0734472,nm0075834,nm0103804,nm0085220,nm0329047,nm0097004",0.651399421395012
tt0244365,Star Trek: Enterprise,tt0572257,2,7,6.9,737,nm0515237,"nm0734472,nm0075834,nm0103804",-0.7345718549879635
tt0244365,Star Trek: Enterprise,tt0572258,3,7,7.7,703,nm0833191,"nm0734472,nm0075834,nm0103804,nm0085220,nm0295165",0.27340725510874603
tt0244365,Star Trek: Enterprise,tt0572259,3,1,8,763,nm0471862,"nm0734472,nm0075834,nm0103804",0.651399421395012
tt0244365,Star Trek: Enterprise,tt0572260,4,22,5.3,1295,nm0471862,"nm0734472,nm0075834,nm0103804",-2.7505300751813837
tt0244365,Star Trek: Enterprise,tt0572261,3,8,8.8,982,nm0000536,"nm0734472,nm0075834,nm0103804,nm0839943",1.6593785314917227
tt0244365,Star Trek: Enterprise,tt0572262,1,25,6.8,791,nm0000373,"nm0734472,nm0075834,nm0103804,nm0085220",-0.860569243750053
tt0244365,Star Trek: Enterprise,tt0572263,1,5,7.3,933,nm0892144,"nm0734472,nm0075834,nm0103804,nm0835040,nm0839943,nm1000108,nm0415110,nm0415111",-0.2305822999396093
tt0244365,Star Trek: Enterprise,tt0572264,4,13,8.6,694,nm0515237,"nm0734472,nm0075834,nm0103804,nm0716321,nm0716320,nm0182873",1.4073837539675438
tt0244365,Star Trek: Enterprise,tt0572265,2,10,7,755,nm0833191,"nm0734472,nm0075834,nm0103804",-0.6085744662258752
tt0244365,Star Trek: Enterprise,tt0572266,1,22,6.8,764,nm0206259,"nm0734472,nm0075834,nm0103804,nm0215269",-0.860569243750053
tt0244365,Star Trek: Enterprise,tt0572267,3,24,8.7,754,nm0471862,"nm0734472,nm0075834,nm0103804,nm0097004",1.533381142729632
tt0060028,Star Trek,tt0708412,2,17,7.9,1920,nm0464506,"nm0734472,nm0363492,nm0177731",0.5254020326329236
tt0060028,Star Trek,tt0708413,2,19,7,1624,nm0200022,"nm0734472,nm0408681",-0.6085744662258752
tt0060028,Star Trek,tt0708414,1,23,8.1,2137,nm0678928,"nm0358842,nm0177731,nm0734472",0.7773968101571002
tt0060028,Star Trek,tt0708415,3,23,8.3,1738,nm0159007,"nm0734472,nm1084857",1.029391587681279
tt0060028,Star Trek,tt0708416,2,1,8.7,2463,nm0678928,"nm0734472,nm0836318",1.533381142729632
tt0060028,Star Trek,tt0708417,3,4,5.2,1697,nm0159007,"nm0734472,nm0482303",-2.876527463943472
tt0060028,Star Trek,tt0708418,1,18,8.1,2302,nm0678928,"nm0177731,nm0113582,nm0734472",0.7773968101571002
tt0060028,Star Trek,tt0708419,2,26,7.7,1850,nm0200022,"nm0734472,nm0908526",0.27340725510874603
tt0060028,Star Trek,tt0708420,1,14,9,2899,nm0568546,"nm0773971,nm0734472",1.911373309015899
tt0060028,Star Trek,tt0708421,2,25,7.3,1664,nm0784198,"nm0734472,nm0177731,nm0460711",-0.2305822999396093
tt0060028,Star Trek,tt0708422,2,22,7.7,1698,nm0200022,"nm0734472,nm0284894,nm0003198",0.27340725510874603
tt0060028,Star Trek,tt0708423,2,7,6.3,1784,nm0678928,"nm0734472,nm0088645,nm0284894",-1.4905561875604965
tt0060028,Star Trek,tt0708424,1,2,7.2,2826,nm0229697,"nm0284894,nm0734472",-0.3565796887016976
tt0060028,Star Trek,tt0708425,1,20,7.5,2045,nm0200022,"nm0542531,nm0135830,nm0734472",0.02141247758456835
tt0060028,Star Trek,tt0708426,1,9,7.5,2220,nm0568546,"nm0934574,nm0734472",0.02141247758456835
tt0060028,Star Trek,tt0708427,3,7,8,1674,nm0159007,"nm0734472,nm0003198",0.651399421395012
tt0060028,Star Trek,tt0708428,3,13,7.2,1566,nm0524188,"nm0734472,nm0524188",-0.3565796887016976
tt0060028,Star Trek,tt0708429,1,26,8.3,2049,nm0627950,"nm0177731,nm0734472",1.029391587681279
tt0060028,Star Trek,tt0708430,3,8,7.2,1547,nm0494903,"nm0734472,nm0901566",-0.3565796887016976
tt0060028,Star Trek,tt0708431,2,11,6.9,1703,nm0678928,"nm0734472,nm0284894",-0.7345718549879635
tt0060028,Star Trek,tt0708432,2,8,7.5,1881,nm0200022,"nm0734472,nm0437200,nm0314775",0.02141247758456835
tt0060028,Star Trek,tt0708433,3,5,7.1,1586,nm0784198,"nm0734472,nm1084857",-0.482577077463787
tt0060028,Star Trek,tt0708434,2,10,8.6,2032,nm0678928,"nm0734472,nm0284894",1.4073837539675438
tt0060028,Star Trek,tt0708435,3,15,7.3,1617,nm0852676,"nm0734472,nm0186918,nm0177731",-0.2305822999396093
tt0060028,Star Trek,tt0708436,2,9,7.4,1830,nm0784198,"nm0734472,nm0177731",-0.10458491117751992
tt0060028,Star Trek,tt0708438,2,4,9.2,2661,nm0200022,"nm0734472,nm0003198",2.1633680865400757
tt0060028,Star Trek,tt0708439,1,6,6.9,2463,nm0366314,"nm0437200,nm0734472",-0.7345718549879635
tt0060028,Star Trek,tt0708440,2,13,7.4,1637,nm0784198,"nm0734472,nm0908526",-0.10458491117751992
tt0060028,Star Trek,tt0708441,1,29,7.6,1846,nm0202297,"nm0135830,nm0734472",0.14740986634665662
tt0060028,Star Trek,tt0708442,2,21,7.7,1733,nm0568546,"nm0734472,nm0524188",0.27340725510874603
tt0060028,Star Trek,tt0708443,3,10,6.7,1598,nm0018354,"nm0734472,nm0011219",-0.9865666325121412
tt0060028,Star Trek,tt0708444,3,19,7.5,1613,nm0325476,"nm0734472,nm0003198",0.02141247758456835
tt0060028,Star Trek,tt0708445,2,20,7.6,1626,nm0784198,"nm0734472,nm0240812",0.14740986634665662
tt0060028,Star Trek,tt0708446,1,15,7.6,2305,nm0817081,"nm0836318,nm0734472",0.14740986634665662
tt0060028,Star Trek,tt0708447,1,22,8.9,2866,nm0200022,"nm0177731,nm0928068,nm0734472",1.7853759202538109
tt0060028,Star Trek,tt0708448,3,6,7.4,1686,nm0568546,"nm0734472,nm0177731",-0.10458491117751992
tt0060028,Star Trek,tt0708449,3,1,5.7,1804,nm0200022,"nm0734472,nm0177731",-2.246540520133028
tt0060028,Star Trek,tt0708450,3,17,6.6,1455,nm0909098,"nm0734472,nm0524188,nm0284894",-1.1125640212742305
tt0060028,Star Trek,tt0708451,1,27,5.9,1986,nm0652631,"nm0408681,nm0734472",-1.9945457426088506
tt0060028,Star Trek,tt0708452,2,5,6.5,1767,nm0678928,"nm0734472,nm0251375,nm0177731",-1.238561410036319
tt0060028,Star Trek,tt0708454,2,3,7.8,1847,nm0200022,"nm0734472,nm0524188",0.3994046438708343
tt0060028,Star Trek,tt0708455,1,28,9.3,3455,nm0678928,"nm0255196,nm0734472",2.289365475302166
tt0060028,Star Trek,tt0708456,3,21,7.1,1480,nm0852676,"nm0734472,nm0035392,nm0314775,nm0186918",-0.482577077463787
tt0060028,Star Trek,tt0708458,1,10,8.2,2505,nm0765121,"nm0812257,nm0734472",0.9033941989191885
tt0060028,Star Trek,tt0708459,2,12,7.4,1711,nm0678928,"nm0734472,nm0363492",-0.10458491117751992
tt0060028,Star Trek,tt0708460,1,25,8.5,2250,nm0678928,"nm0177731,nm0734472",1.2813863652054556
tt0060028,Star Trek,tt0708461,2,6,8.8,2329,nm0200022,"nm0734472,nm0819004",1.6593785314917227
tt0060028,Star Trek,tt0708462,3,12,6.7,1626,nm0259589,"nm0734472,nm2165300",-0.9865666325121412
tt0060028,Star Trek,tt0708463,1,5,7.8,2534,nm0671984,"nm0558577,nm0734472",0.3994046438708343
tt0060028,Star Trek,tt0708464,3,2,8.6,1954,nm0524188,"nm0734472,nm0284894",1.4073837539675438
tt0060028,Star Trek,tt0708465,1,16,7.8,2196,nm0321143,"nm0186918,nm0934574,nm0734472",0.3994046438708343
tt0060028,Star Trek,tt0708466,2,16,7.1,1754,nm0625383,"nm0734472,nm0035392",-0.482577077463787
tt0060028,Star Trek,tt0708467,2,18,7.6,1627,nm0678928,"nm0734472,nm0754517",0.14740986634665662
tt0060028,Star Trek,tt0708468,3,18,6.2,1417,nm0448946,"nm0734472,nm2171588,nm0507741",-1.6165535763225847
tt0060028,Star Trek,tt0708469,1,1,7.3,3022,nm0200022,"nm0425138,nm0734472",-0.2305822999396093
tt0060028,Star Trek,tt0708470,3,16,6.6,1485,nm0852676,"nm0734472,nm0805577,nm0011366",-1.1125640212742305
tt0060028,Star Trek,tt0708472,1,12,8.3,2352,"nm0200022,nm0125111",nm0734472,1.029391587681279
tt0060028,Star Trek,tt0708473,1,4,8,2646,nm0200022,"nm0085353,nm0734472",0.651399421395012
tt0060028,Star Trek,tt0708474,2,23,6.3,1701,nm0568546,nm0734472,-1.4905561875604965
tt0060028,Star Trek,tt0708475,3,3,6.9,1677,nm0852676,"nm0734472,nm0035392",-0.7345718549879635
tt0060028,Star Trek,tt0708476,1,21,7.3,1967,nm0678928,"nm0811772,nm0734472",-0.2305822999396093
tt0060028,Star Trek,tt0708477,3,22,6.8,1510,nm0202297,"nm0734472,nm0374352",-0.860569243750053
tt0060028,Star Trek,tt0708478,1,17,7.4,2141,nm0568228,"nm0773971,nm0734472",-0.10458491117751992
tt0060028,Star Trek,tt0708479,3,9,8.2,1678,nm0909098,"nm0734472,nm0122731,nm2123523",0.9033941989191885
tt0060028,Star Trek,tt0708480,2,15,8.9,2573,nm0678928,"nm0734472,nm0314775",1.7853759202538109
tt0060028,Star Trek,tt0708481,2,24,8.1,1718,nm0524188,"nm0734472,nm0284894,nm2124525",0.7773968101571002
tt0060028,Star Trek,tt0708482,3,20,5.5,1713,nm0018354,"nm0734472,nm0374352,nm0284894",-2.498535297657206
tt0060028,Star Trek,tt0708483,1,24,8,2084,nm0784198,"nm0284894,nm0812257,nm0734472",0.651399421395012
tt0060028,Star Trek,tt0708484,1,19,8,2188,nm0641400,"nm0284894,nm0734472",0.651399421395012
tt0060028,Star Trek,tt0708485,3,24,7,1529,nm0909098,"nm0734472,nm0801892",-0.6085744662258752
tt0060028,Star Trek,tt0708486,1,7,7.6,2355,nm0326360,"nm0088645,nm0734472",0.14740986634665662
tt0060028,Star Trek,tt0708488,2,2,7.1,2002,nm0200022,"nm0734472,nm0707804",-0.482577077463787
tt0060028,Star Trek,tt0708489,3,14,7.1,1511,nm0909098,"nm0734472,nm0260012,nm0812257",-0.482577077463787
tt0060028,Star Trek,tt0708490,3,11,7.5,1531,nm0852676,"nm0734472,nm0374352,nm0177731",0.02141247758456835
tt0060028,Star Trek,tt0708491,2,14,7.4,1721,nm0678928,"nm0734472,nm0088645",-0.10458491117751992
tt0106145,Star Trek: Deep Space Nine,tt0708492,7,18,7.6,738,nm0463926,"nm0734472,nm0075834,nm0683522,nm0859918,nm0917131",0.14740986634665662
tt0106145,Star Trek: Deep Space Nine,tt0708493,5,4,7.6,897,nm0295272,"nm0734472,nm0075834,nm0683522,nm0248404,nm0662095",0.14740986634665662
tt0106145,Star Trek: Deep Space Nine,tt0708494,1,3,6.9,1185,nm0528420,"nm0734472,nm0075834,nm0683522,nm0762561",-0.7345718549879635
tt0106145,Star Trek: Deep Space Nine,tt0708495,5,17,6.6,816,nm0470971,"nm0734472,nm0075834,nm0683522,nm0248404",-1.1125640212742305
tt0106145,Star Trek: Deep Space Nine,tt0708496,6,1,8.5,934,nm0471862,"nm0734472,nm0075834,nm0683522,nm0066985,nm0067234",1.2813863652054556
tt0106145,Star Trek: Deep Space Nine,tt0708497,4,16,7.2,838,nm0484464,"nm0734472,nm0075834,nm0683522,nm0260870,nm0248404",-0.3565796887016976
tt0106145,Star Trek: Deep Space Nine,tt0708498,7,3,7.2,798,nm0484464,"nm0734472,nm0075834,nm0683522,nm0248404",-0.3565796887016976
tt0106145,Star Trek: Deep Space Nine,tt0708499,5,1,8.2,931,nm0176702,"nm0734472,nm0075834,nm0683522,nm0066985,nm0938129",0.9033941989191885
tt0106145,Star Trek: Deep Space Nine,tt0708500,2,13,7.4,961,nm0463926,"nm0734472,nm0075834,nm0683522,nm0312663",-0.10458491117751992
tt0106145,Star Trek: Deep Space Nine,tt0708501,1,4,7,1155,nm0528420,"nm0734472,nm0075834,nm0683522,nm0569951,nm0788167,nm1199046,nm0066985",-0.6085744662258752
tt0106145,Star Trek: Deep Space Nine,tt0708502,7,15,7.7,922,nm0892144,"nm0734472,nm0075834,nm0683522,nm0066985,nm0067234",0.27340725510874603
tt0106145,Star Trek: Deep Space Nine,tt0708503,4,15,7.4,891,nm0000996,"nm0734472,nm0075834,nm0683522,nm0938129,nm0066985,nm1661162,nm1656302",-0.10458491117751992
tt0106145,Star Trek: Deep Space Nine,tt0708504,1,12,6.6,1034,nm0528420,"nm0734472,nm0075834,nm0683522,nm0200670,nm0813844,nm0046042",-1.1125640212742305
tt0106145,Star Trek: Deep Space Nine,tt0708505,6,4,7.9,854,nm0000996,"nm0734472,nm0075834,nm0683522,nm0248404",0.5254020326329236
tt0106145,Star Trek: Deep Space Nine,tt0708506,5,23,7.6,814,nm0295272,"nm0734472,nm0075834,nm0683522,nm0938129,nm0066985",0.14740986634665662
tt0106145,Star Trek: Deep Space Nine,tt0708507,2,19,8,1062,nm0463926,"nm0734472,nm0075834,nm0683522,nm0276333,nm1265103",0.651399421395012
tt0106145,Star Trek: Deep Space Nine,tt0708508,4,24,7.5,862,nm0000984,"nm0734472,nm0075834,nm0683522,nm0067234,nm1656255,nm1237248",0.02141247758456835
tt0106145,Star Trek: Deep Space Nine,tt0708509,4,25,8.2,890,nm0484464,"nm0734472,nm0075834,nm0683522,nm0938129,nm0066985,nm1202110",0.9033941989191885
tt0106145,Star Trek: Deep Space Nine,tt0708510,5,18,7.3,814,nm0796502,"nm0734472,nm0075834,nm0683522,nm0859918,nm0917131",-0.2305822999396093
tt0106145,Star Trek: Deep Space Nine,tt0708511,5,15,8.8,1007,nm0484464,"nm0734472,nm0075834,nm0683522,nm0066985,nm0938129",1.6593785314917227
tt0106145,Star Trek: Deep Space Nine,tt0708512,5,26,9,1019,nm0471862,"nm0734472,nm0075834,nm0683522,nm0066985,nm0938129",1.911373309015899
tt0106145,Star Trek: Deep Space Nine,tt0708513,1,5,7.7,1185,nm0001904,"nm0734472,nm0075834,nm0683522,nm0232803",0.27340725510874603
tt0106145,Star Trek: Deep Space Nine,tt0708514,2,5,7.5,1011,nm0092853,"nm0734472,nm0075834,nm0683522,nm0188360,nm0937566,nm1654479",0.02141247758456835
tt0106145,Star Trek: Deep Space Nine,tt0708515,6,16,7.1,816,nm0515237,"nm0734472,nm0075834,nm0683522,nm0601822",-0.482577077463787
tt0106145,Star Trek: Deep Space Nine,tt0708516,5,22,7.9,974,nm0471862,"nm0734472,nm0075834,nm0683522,nm0248404,nm1243911,nm1237322",0.5254020326329236
tt0106145,Star Trek: Deep Space Nine,tt0708517,7,14,7.2,780,nm0692675,"nm0734472,nm0075834,nm0683522,nm0248404",-0.3565796887016976
tt0106145,Star Trek: Deep Space Nine,tt0708518,7,5,7.1,844,nm0922162,"nm0734472,nm0075834,nm0683522,nm0248404",-0.482577077463787
tt0106145,Star Trek: Deep Space Nine,tt0708519,3,7,7.9,1002,nm0046172,"nm0734472,nm0075834,nm0683522,nm0471980",0.5254020326329236
tt0106145,Star Trek: Deep Space Nine,tt0708520,7,9,6.7,789,nm0470971,"nm0734472,nm0075834,nm0683522,nm0248404",-0.9865666325121412
tt0106145,Star Trek: Deep Space Nine,tt0708521,4,12,7.2,890,nm0484464,"nm0734472,nm0075834,nm0683522,nm0248404",-0.3565796887016976
tt0106145,Star Trek: Deep Space Nine,tt0708522,2,23,8,1034,nm0515237,"nm0734472,nm0075834,nm0683522,nm0276333",0.651399421395012
tt0106145,Star Trek: Deep Space Nine,tt0708523,1,7,7.1,1122,nm0141222,"nm0734472,nm0075834,nm0683522,nm0284894,nm0276333",-0.482577077463787
tt0106145,Star Trek: Deep Space Nine,tt0708524,3,9,8,1011,nm0092853,"nm0734472,nm0075834,nm0683522,nm0601822",0.651399421395012
tt0106145,Star Trek: Deep Space Nine,tt0708525,3,15,7.4,880,nm0484464,"nm0734472,nm0075834,nm0683522,nm1991601,nm1656361",-0.10458491117751992
tt0106145,Star Trek: Deep Space Nine,tt0708526,3,18,6.6,897,nm0801883,"nm0734472,nm0075834,nm0683522,nm0066985,nm0938129,nm0579775",-1.1125640212742305
tt0106145,Star Trek: Deep Space Nine,tt0708527,5,16,7.8,906,nm0515237,"nm0734472,nm0075834,nm0683522,nm0601822,nm2089473",0.3994046438708343
tt0106145,Star Trek: Deep Space Nine,tt0708528,1,17,7.1,1001,nm0092853,"nm0734472,nm0075834,nm0683522,nm0579775",-0.482577077463787
tt0106145,Star Trek: Deep Space Nine,tt0708529,1,18,9,1668,nm0176702,"nm0734472,nm0075834,nm0683522,nm0276333,nm0723680,nm1237351",1.911373309015899
tt0106145,Star Trek: Deep Space Nine,tt0708532,5,24,7.8,864,nm0892144,"nm0734472,nm0075834,nm0683522,nm0067234,nm0298188",0.3994046438708343
tt0106145,Star Trek: Deep Space Nine,tt0708533,3,4,6.7,898,nm0092853,"nm0734472,nm0075834,nm0683522,nm0248404,nm1656346",-0.9865666325121412
tt0106145,Star Trek: Deep Space Nine,tt0708534,3,22,7.3,947,nm0092853,"nm0734472,nm0075834,nm0683522,nm0248404,nm0046042",-0.2305822999396093
tt0106145,Star Trek: Deep Space Nine,tt0708535,7,23,7.6,778,nm0692675,"nm0734472,nm0075834,nm0683522,nm0859918,nm0917131",0.14740986634665662
tt0106145,Star Trek: Deep Space Nine,tt0708536,3,25,7.2,869,nm0092853,"nm0734472,nm0075834,nm0683522,nm0248404",-0.3565796887016976
tt0106145,Star Trek: Deep Space Nine,tt0708537,3,23,7.2,896,nm0041281,"nm0734472,nm0075834,nm0683522,nm0066985,nm0938129",-0.3565796887016976
tt0106145,Star Trek: Deep Space Nine,tt0708538,6,13,8.8,1607,nm0000984,"nm0734472,nm0075834,nm0683522,nm0066985,nm0067234,nm0956002",1.6593785314917227
tt0106145,Star Trek: Deep Space Nine,tt0708539,3,10,6.2,922,nm0000984,"nm0734472,nm0075834,nm0683522,nm0493857,nm0066985,nm0188360",-1.6165535763225847
tt0106145,Star Trek: Deep Space Nine,tt0708540,6,5,8.6,925,nm0463926,"nm0734472,nm0075834,nm0683522,nm0066985,nm0067234",1.4073837539675438
tt0106145,Star Trek: Deep Space Nine,tt0708541,5,20,6.7,802,nm0041281,"nm0734472,nm0075834,nm0683522,nm0066985,nm0067234",-0.9865666325121412
tt0106145,Star Trek: Deep Space Nine,tt0708542,7,13,6.7,782,nm0235638,"nm0734472,nm0075834,nm0683522,nm0938129",-0.9865666325121412
tt0106145,Star Trek: Deep Space Nine,tt0708543,4,21,7.8,887,nm0176702,"nm0734472,nm0075834,nm0683522,nm0601822,nm1265837",0.3994046438708343
tt0106145,Star Trek: Deep Space Nine,tt0708544,5,13,7.9,915,nm0516493,"nm0734472,nm0075834,nm0683522,nm0276333",0.5254020326329236
tt0106145,Star Trek: Deep Space Nine,tt0708545,4,18,8.3,1032,nm0801883,"nm0734472,nm0075834,nm0683522,nm0938129,nm1721804,nm1044490",1.029391587681279
tt0106145,Star Trek: Deep Space Nine,tt0708546,3,14,7.3,897,nm0801883,"nm0734472,nm0075834,nm0683522,nm0066985,nm0938129",-0.2305822999396093
tt0106145,Star Trek: Deep Space Nine,tt0708547,4,3,7.7,945,nm0041281,"nm0734472,nm0075834,nm0683522,nm0459822,nm0179709",0.27340725510874603
tt0106145,Star Trek: Deep Space Nine,tt0708548,6,20,7.6,928,nm0471862,"nm0734472,nm0075834,nm0683522,nm0066985,nm0067234",0.14740986634665662
tt0106145,Star Trek: Deep Space Nine,tt0708549,4,10,8.3,981,nm0515237,"nm0734472,nm0075834,nm0683522,nm0066985,nm0938129",1.029391587681279
tt0106145,Star Trek: Deep Space Nine,tt0708550,6,15,7.3,850,nm0247621,"nm0734472,nm0075834,nm0683522,nm0248404,nm0453639",-0.2305822999396093
tt0106145,Star Trek: Deep Space Nine,tt0708551,1,15,6.5,1045,nm0499215,"nm0734472,nm0075834,nm0683522,nm1237455,nm0186993",-1.238561410036319
tt0106145,Star Trek: Deep Space Nine,tt0708552,7,1,7.6,865,nm0484464,"nm0734472,nm0075834,nm0683522,nm0066985,nm0067234",0.14740986634665662
tt0106145,Star Trek: Deep Space Nine,tt0708553,3,20,8.6,1037,nm0000984,"nm0734472,nm0075834,nm0683522,nm0248404,nm0496521,nm1263745",1.4073837539675438
tt0106145,Star Trek: Deep Space Nine,tt0708554,5,14,8.8,1011,nm0064593,"nm0734472,nm0075834,nm0683522,nm0938129,nm0066985",1.6593785314917227
tt0106145,Star Trek: Deep Space Nine,tt0708555,5,25,7.8,882,nm0000373,"nm0601822,nm1237415,nm1661172,nm0734472,nm0075834,nm0683522",0.3994046438708343
tt0106145,Star Trek: Deep Space Nine,tt0708556,1,19,7.8,1051,nm0515237,"nm0734472,nm0075834,nm0683522,nm0938129",0.3994046438708343
tt0106145,Star Trek: Deep Space Nine,tt0708557,6,19,9.4,1903,nm0516493,"nm0734472,nm0075834,nm0683522,nm0852899,nm0276333",2.4153628640642544
tt0106145,Star Trek: Deep Space Nine,tt0708558,4,4,7.7,916,nm0000996,"nm0734472,nm0075834,nm0683522,nm0179709,nm1656313,nm1656350",0.27340725510874603
tt0106145,Star Trek: Deep Space Nine,tt0708559,6,18,8.2,905,nm0000373,"nm0734472,nm0075834,nm0683522,nm0859918,nm0917131",0.9033941989191885
tt0106145,Star Trek: Deep Space Nine,tt0708560,7,16,8.3,886,nm0515237,"nm0734472,nm0075834,nm0683522,nm0601822",1.029391587681279
tt0106145,Star Trek: Deep Space Nine,tt0708561,2,4,6.9,965,nm0484464,"nm0734472,nm0075834,nm0683522,nm0924095,nm0938129",-0.7345718549879635
tt0106145,Star Trek: Deep Space Nine,tt0708562,7,10,8.1,978,nm0930041,"nm0734472,nm0075834,nm0683522,nm0601822,nm1369965,nm1656327",0.7773968101571002
tt0106145,Star Trek: Deep Space Nine,tt0708563,5,7,5.5,921,nm0041281,"nm0734472,nm0075834,nm0683522,nm0938129,nm0066985",-2.498535297657206
tt0106145,Star Trek: Deep Space Nine,tt0708564,3,13,6.7,886,nm0046172,"nm0734472,nm0075834,nm0683522,nm0601822,nm0285557,nm0812143",-0.9865666325121412
tt0106145,Star Trek: Deep Space Nine,tt0708565,4,7,8.5,1189,nm0176702,"nm0734472,nm0075834,nm0683522,nm0066985,nm0938129,nm1656313,nm1656350",1.2813863652054556
tt0106145,Star Trek: Deep Space Nine,tt0708566,5,3,7.7,927,nm0732367,"nm0734472,nm0075834,nm0683522,nm0601822",0.27340725510874603
tt0106145,Star Trek: Deep Space Nine,tt0708567,2,6,6.4,1006,nm0463926,"nm0734472,nm0075834,nm0683522,nm0813844,nm0062135,nm0188360",-1.3645587987984071
tt0106145,Star Trek: Deep Space Nine,tt0708568,3,8,5.6,952,nm0000408,"nm0734472,nm0075834,nm0683522,nm1265837,nm0046042,nm0813844",-2.3725379088951177
tt0106145,Star Trek: Deep Space Nine,tt0708569,1,9,5.9,1157,nm0141222,"nm0734472,nm0075834,nm0683522,nm0710887,nm0723680,nm1237351",-1.9945457426088506
tt0106145,Star Trek: Deep Space Nine,tt0708570,2,8,8.2,1078,nm0176702,"nm0734472,nm0075834,nm0683522,nm0276333",0.9033941989191885
tt0106145,Star Trek: Deep Space Nine,tt0708571,7,7,7.6,825,nm0471862,"nm0734472,nm0075834,nm0683522,nm0601822",0.14740986634665662
tt0106145,Star Trek: Deep Space Nine,tt0708572,6,14,7.6,898,nm0471862,"nm0734472,nm0075834,nm0683522,nm0917131,nm0859918",0.14740986634665662
tt0106145,Star Trek: Deep Space Nine,tt0708573,4,9,8,1042,nm0463926,"nm0734472,nm0075834,nm0683522,nm0601822,nm0318770",0.651399421395012
tt0106145,Star Trek: Deep Space Nine,tt0708574,2,15,6.7,1013,nm0001904,"nm0067234,nm0873449,nm0188360,nm0734472,nm0075834,nm0683522,nm0454839,nm0543362",-0.9865666325121412
tt0106145,Star Trek: Deep Space Nine,tt0708575,4,11,8.3,973,nm0046172,"nm0734472,nm0075834,nm0683522,nm0066985,nm0938129,nm0601822",1.029391587681279
tt0106145,Star Trek: Deep Space Nine,tt0708576,1,2,7,1239,nm0463926,"nm0734472,nm0075834,nm0683522,nm0584251",-0.6085744662258752
tt0106145,Star Trek: Deep Space Nine,tt0708577,3,11,7.9,1034,nm0046172,"nm0734472,nm0075834,nm0683522,nm0938129,nm0066985",0.5254020326329236
tt0106145,Star Trek: Deep Space Nine,tt0708578,3,12,8,1014,nm0000408,"nm0734472,nm0075834,nm0683522,nm0066985,nm0248404,nm0938129",0.651399421395012
tt0106145,Star Trek: Deep Space Nine,tt0708579,7,17,7.5,744,nm0692675,"nm0734472,nm0075834,nm0683522,nm0248404",0.02141247758456835
tt0106145,Star Trek: Deep Space Nine,tt0708580,2,17,6.4,919,nm0515237,"nm0734472,nm0075834,nm0683522,nm0873449,nm0596711",-1.3645587987984071
tt0106145,Star Trek: Deep Space Nine,tt0708581,7,11,6.3,767,nm0516493,"nm0734472,nm0075834,nm0683522,nm0917131,nm0859918",-1.4905561875604965
tt0106145,Star Trek: Deep Space Nine,tt0708582,6,23,5.8,887,nm0796502,"nm0734472,nm0075834,nm0683522,nm0066985,nm0067234",-2.12054313137094
tt0106145,Star Trek: Deep Space Nine,tt0708583,2,18,7.2,949,nm0927445,"nm0734472,nm0075834,nm0683522,nm0462164,nm0546083,nm0206137",-0.3565796887016976
tt0106145,Star Trek: Deep Space Nine,tt0708584,1,14,6.8,1059,nm0484464,"nm0734472,nm0075834,nm0683522,nm0276333",-0.860569243750053
tt0106145,Star Trek: Deep Space Nine,tt0708585,3,16,6.8,855,nm0041281,"nm0734472,nm0075834,nm0683522,nm0066985,nm0938129,nm1618294",-0.860569243750053
tt0106145,Star Trek: Deep Space Nine,tt0708586,1,6,6.8,1155,nm0528420,"nm0734472,nm0075834,nm0683522,nm0938129,nm0790433",-0.860569243750053
tt0106145,Star Trek: Deep Space Nine,tt0708587,5,10,7.3,845,nm0922162,"nm0734472,nm0075834,nm0683522,nm0067234,nm1204334",-0.2305822999396093
tt0106145,Star Trek: Deep Space Nine,tt0708588,4,5,7.1,987,nm0000984,"nm0734472,nm0075834,nm0683522,nm0601822,nm0248404",-0.482577077463787
tt0106145,Star Trek: Deep Space Nine,tt0708589,6,8,5.7,814,nm0000996,"nm0734472,nm0075834,nm0683522,nm0852899",-2.246540520133028
tt0106145,Star Trek: Deep Space Nine,tt0708590,4,13,7.8,878,nm0922162,"nm0734472,nm0075834,nm0683522,nm0067234,nm0071417",0.3994046438708343
tt0106145,Star Trek: Deep Space Nine,tt0708591,2,11,6.6,930,nm0515237,"nm0734472,nm0075834,nm0683522,nm0579775,nm0873449",-1.1125640212742305
tt0106145,Star Trek: Deep Space Nine,tt0708592,6,2,8.6,985,nm0892144,"nm0734472,nm0075834,nm0683522,nm0601822",1.4073837539675438
tt0106145,Star Trek: Deep Space Nine,tt0708593,2,7,7.4,1003,nm0515237,"nm0734472,nm0075834,nm0683522,nm0066985,nm0046042",-0.10458491117751992
tt0106145,Star Trek: Deep Space Nine,tt0708594,4,17,7.3,880,nm0000996,"nm0734472,nm0075834,nm0683522,nm0601822,nm0859918,nm0917131",-0.2305822999396093
tt0106145,Star Trek: Deep Space Nine,tt0708595,6,6,8.9,1050,nm0471862,"nm0734472,nm0075834,nm0683522,nm0066985,nm0067234",1.7853759202538109
tt0106145,Star Trek: Deep Space Nine,tt0708596,2,10,6.5,970,nm0484464,"nm0734472,nm0075834,nm0683522,nm0710887,nm0261440,nm0587171",-1.238561410036319
tt0106145,Star Trek: Deep Space Nine,tt0708597,2,9,6.1,962,nm0801883,"nm0734472,nm0075834,nm0683522,nm1265837,nm0066985,nm0938129",-1.7425509650846742
tt0106145,Star Trek: Deep Space Nine,tt0708598,3,5,7.8,976,nm0484464,"nm0734472,nm0075834,nm0683522,nm0938129",0.3994046438708343
tt0106145,Star Trek: Deep Space Nine,tt0708599,2,16,7.3,962,nm0770474,"nm0734472,nm0075834,nm0683522,nm0938129",-0.2305822999396093
tt0106145,Star Trek: Deep Space Nine,tt0708600,7,2,7.9,878,nm0471862,"nm0734472,nm0075834,nm0683522,nm0066985,nm0067234",0.5254020326329236
tt0106145,Star Trek: Deep Space Nine,tt0708601,3,24,6.9,849,nm0922162,"nm0734472,nm0075834,nm0683522,nm0206137",-0.7345718549879635
tt0106145,Star Trek: Deep Space Nine,tt0708602,4,19,7.2,855,nm0176702,"nm0734472,nm0075834,nm0683522,nm0066985,nm0067234",-0.3565796887016976
tt0106145,Star Trek: Deep Space Nine,tt0708603,5,21,7.7,844,nm0000996,"nm0734472,nm0075834,nm0683522,nm0601822",0.27340725510874603
tt0106145,Star Trek: Deep Space Nine,tt0708604,6,3,7,838,nm0872442,"nm0734472,nm0075834,nm0683522,nm0859918,nm0917131",-0.6085744662258752
tt0106145,Star Trek: Deep Space Nine,tt0708605,4,6,7.7,917,nm0801883,"nm0734472,nm0075834,nm0683522,nm1369965,nm1656327",0.27340725510874603
tt0106145,Star Trek: Deep Space Nine,tt0708606,6,9,7.7,892,nm0930041,"nm0248404,nm1656330,nm0734472,nm0075834,nm0683522",0.27340725510874603
tt0106145,Star Trek: Deep Space Nine,tt0708607,7,19,7.9,754,nm0041281,"nm0734472,nm0075834,nm0683522,nm0601822",0.5254020326329236
tt0106145,Star Trek: Deep Space Nine,tt0708608,7,22,8.7,804,nm0892144,"nm0734472,nm0075834,nm0683522,nm0601822",1.533381142729632
tt0106145,Star Trek: Deep Space Nine,tt0708609,7,4,7.5,974,nm0150024,"nm0734472,nm0075834,nm0683522,nm0601822",0.02141247758456835
tt0106145,Star Trek: Deep Space Nine,tt0708610,6,26,8.3,868,nm0471862,"nm0734472,nm0075834,nm0683522,nm0066985,nm0067234",1.029391587681279
tt0106145,Star Trek: Deep Space Nine,tt0708611,3,6,6.9,892,nm0000984,"nm0734472,nm0075834,nm0683522,nm1661165,nm1661190",-0.7345718549879635
tt0106145,Star Trek: Deep Space Nine,tt0708612,3,26,8.3,944,nm0801883,"nm0734472,nm0075834,nm0683522,nm0066985,nm0938129",1.029391587681279
tt0106145,Star Trek: Deep Space Nine,tt0708613,2,12,6.8,920,nm0141222,"nm0734472,nm0075834,nm0683522,nm0224482,nm0873449",-0.860569243750053
tt0106145,Star Trek: Deep Space Nine,tt0708614,5,9,7.4,861,nm0471862,"nm0734472,nm0075834,nm0683522,nm0066985,nm0938129",-0.10458491117751992
tt0106145,Star Trek: Deep Space Nine,tt0708615,5,5,7.2,827,nm0471862,"nm0734472,nm0075834,nm0683522,nm0917131,nm0859918,nm1263745,nm0496521",-0.3565796887016976
tt0106145,Star Trek: Deep Space Nine,tt0708616,5,12,7.8,877,nm0872442,"nm0734472,nm0075834,nm0683522,nm0248404",0.3994046438708343
tt0106145,Star Trek: Deep Space Nine,tt0708617,7,20,8.4,800,nm0892144,"nm0734472,nm0075834,nm0683522,nm0066985,nm0067234",1.1553889764433674
tt0106145,Star Trek: Deep Space Nine,tt0708618,2,2,7.7,1011,nm0001904,"nm0734472,nm0075834,nm0683522,nm0276333",0.27340725510874603
tt0106145,Star Trek: Deep Space Nine,tt0708619,2,24,7.1,901,nm0092853,"nm0734472,nm0075834,nm0683522,nm1243911,nm0066985,nm0938129",-0.482577077463787
tt0106145,Star Trek: Deep Space Nine,tt0708620,5,11,6.9,835,nm0892144,"nm0734472,nm0075834,nm0683522,nm0601822,nm0298188",-0.7345718549879635
tt0106145,Star Trek: Deep Space Nine,tt0708621,3,21,8.9,1090,nm0515237,"nm0734472,nm0075834,nm0683522,nm0601822",1.7853759202538109
tt0106145,Star Trek: Deep Space Nine,tt0708622,7,24,8.2,797,nm0000984,"nm0734472,nm0075834,nm0683522,nm0248404,nm0601822,nm0276333",0.9033941989191885
tt0106145,Star Trek: Deep Space Nine,tt0708623,7,12,6.4,777,nm0000996,"nm0734472,nm0075834,nm0683522,nm0066985,nm0067234",-1.3645587987984071
tt0106145,Star Trek: Deep Space Nine,tt0708624,1,16,6.9,1009,nm0484464,"nm0734472,nm0075834,nm0683522,nm0241795,nm0873449",-0.7345718549879635
tt0106145,Star Trek: Deep Space Nine,tt0708625,2,1,7.7,1028,nm0463926,"nm0734472,nm0075834,nm0683522,nm0066985,nm0852578",0.27340725510874603
tt0106145,Star Trek: Deep Space Nine,tt0708626,3,3,8,1029,nm0484464,"nm0734472,nm0075834,nm0683522,nm0601822,nm0071417",0.651399421395012
tt0106145,Star Trek: Deep Space Nine,tt0708627,2,26,8.5,1042,nm0295272,"nm0734472,nm0075834,nm0683522,nm0066985",1.2813863652054556
tt0106145,Star Trek: Deep Space Nine,tt0708628,6,10,8.1,993,nm0150024,"nm0734472,nm0075834,nm0683522,nm0066985,nm0067234",0.7773968101571002
tt0106145,Star Trek: Deep Space Nine,tt0708629,2,20,7.8,970,nm0515237,"nm0734472,nm0075834,nm0683522,nm0188360,nm0852578",0.3994046438708343
tt0106145,Star Trek: Deep Space Nine,tt0708630,2,21,7.9,961,nm0001904,"nm0734472,nm0075834,nm0683522,nm0066985,nm0852578",0.5254020326329236
tt0106145,Star Trek: Deep Space Nine,tt0708631,4,20,5.6,882,nm0515237,"nm0734472,nm0075834,nm0683522,nm0248404,nm0000854",-2.3725379088951177
tt0106145,Star Trek: Deep Space Nine,tt0708632,1,10,7.1,1064,nm0515237,"nm0734472,nm0075834,nm0683522,nm0066985,nm0515237",-0.482577077463787
tt0106145,Star Trek: Deep Space Nine,tt0708633,1,8,6.4,1064,nm0528420,"nm0734472,nm0075834,nm0683522,nm0312663,nm0938129",-1.3645587987984071
tt0106145,Star Trek: Deep Space Nine,tt0708634,4,23,7.6,873,nm0041281,"nm0734472,nm0075834,nm0683522,nm0788167",0.14740986634665662
tt0106145,Star Trek: Deep Space Nine,tt0708635,6,21,7.2,796,nm0872442,"nm0917131,nm0859918,nm0921298,nm0822748,nm0734472,nm0075834,nm0683522",-0.3565796887016976
tt0106145,Star Trek: Deep Space Nine,tt0708636,3,1,8.4,1028,nm0295272,"nm0734472,nm0075834,nm0683522,nm0601822,nm0066985,nm0938129",1.1553889764433674
tt0106145,Star Trek: Deep Space Nine,tt0708637,3,2,8.2,1012,nm0000408,"nm0734472,nm0075834,nm0683522,nm0066985,nm0938129",0.9033941989191885
tt0106145,Star Trek: Deep Space Nine,tt0708638,5,2,8,923,nm0295272,"nm0734472,nm0075834,nm0683522,nm0067234,nm1204620,nm1206003",0.651399421395012
tt0106145,Star Trek: Deep Space Nine,tt0708639,2,3,7.9,1023,nm0463926,"nm0734472,nm0075834,nm0683522",0.5254020326329236
tt0106145,Star Trek: Deep Space Nine,tt0708640,7,8,8.7,1070,nm0463926,"nm0734472,nm0075834,nm0683522,nm0066985,nm0067234",1.533381142729632
tt0106145,Star Trek: Deep Space Nine,tt0708641,4,14,7.3,864,nm0515237,"nm0734472,nm0075834,nm0683522,nm0601822",-0.2305822999396093
tt0106145,Star Trek: Deep Space Nine,tt0708642,6,25,7.5,852,nm0463926,"nm0734472,nm0075834,nm0683522,nm0601822,nm1656330",0.02141247758456835
tt0106145,Star Trek: Deep Space Nine,tt0708643,1,13,6,1054,nm0515237,"nm0734472,nm0075834,nm0683522,nm1237197,nm0066985",-1.8685483538467624
tt0106145,Star Trek: Deep Space Nine,tt0708644,4,8,7.1,909,nm0000996,"nm0734472,nm0075834,nm0683522,nm0067234,nm0200670",-0.482577077463787
tt0106145,Star Trek: Deep Space Nine,tt0708645,4,2,9.1,1972,nm0515237,"nm0734472,nm0075834,nm0683522,nm0852899",2.0373706977779875
tt0106145,Star Trek: Deep Space Nine,tt0708648,2,22,8.3,1055,nm0295272,"nm0734472,nm0075834,nm0683522,nm0938129",1.029391587681279
tt0106145,Star Trek: Deep Space Nine,tt0708649,5,8,7.5,865,nm0000996,"nm0734472,nm0075834,nm0683522,nm0852899",0.02141247758456835
tt0106145,Star Trek: Deep Space Nine,tt0708650,3,19,7.5,886,nm0463926,"nm0734472,nm0075834,nm0683522,nm0066985,nm0938129",0.02141247758456835
tt0106145,Star Trek: Deep Space Nine,tt0708651,5,19,7.2,793,nm0000984,"nm0734472,nm0075834,nm0683522,nm0938129,nm1656323,nm1656339",-0.3565796887016976
tt0106145,Star Trek: Deep Space Nine,tt0708652,6,24,6.3,842,nm0471862,"nm0734472,nm0075834,nm0683522,nm0917131,nm0859918,nm0579775",-1.4905561875604965
tt0106145,Star Trek: Deep Space Nine,tt0708653,4,22,8.1,910,nm0000996,"nm0734472,nm0075834,nm0683522,nm0066985,nm0938129",0.7773968101571002
tt0106145,Star Trek: Deep Space Nine,tt0708654,7,6,8.3,865,nm0692675,"nm0734472,nm0075834,nm0683522,nm0917131,nm0859918,nm0453639",1.029391587681279
tt0106145,Star Trek: Deep Space Nine,tt0708655,5,6,9.3,1859,nm0922162,"nm0734472,nm0075834,nm0683522,nm0601822,nm0248404,nm0066985,nm0067234,nm0938129,nm0314775",2.289365475302166
tt0106145,Star Trek: Deep Space Nine,tt0708656,2,25,7.6,922,nm0000984,"nm0734472,nm0075834,nm0683522,nm0224482",0.14740986634665662
tt0106145,Star Trek: Deep Space Nine,tt0708657,6,22,7,867,nm0892144,"nm0734472,nm0075834,nm0683522,nm0601822",-0.6085744662258752
tt0106145,Star Trek: Deep Space Nine,tt0708658,3,17,7.9,913,nm0046172,"nm0734472,nm0075834,nm0683522,nm0794326,nm1237322",0.5254020326329236
tt0106145,Star Trek: Deep Space Nine,tt0708659,1,11,7,1041,nm0463926,"nm0734472,nm0075834,nm0683522,nm0738222",-0.6085744662258752
tt0106145,Star Trek: Deep Space Nine,tt0708660,6,11,7.8,887,nm0041281,"nm0734472,nm0075834,nm0683522,nm0601822",0.3994046438708343
tt0106145,Star Trek: Deep Space Nine,tt0708663,7,21,8.1,764,nm0000373,"nm0734472,nm0075834,nm0683522,nm0248404,nm0826051",0.7773968101571002
tt0106145,Star Trek: Deep Space Nine,tt0708664,2,14,8.2,1095,nm0484464,"nm0734472,nm0075834,nm0683522,nm0185402",0.9033941989191885
tt0106145,Star Trek: Deep Space Nine,tt0708665,6,12,7.6,885,nm0516493,"nm0734472,nm0075834,nm0683522,nm1265837",0.14740986634665662
tt0106145,Star Trek: Deep Space Nine,tt0708666,6,17,6.8,802,nm0922162,"nm0734472,nm0075834,nm0683522,nm0066985,nm0067234",-0.860569243750053
tt0106145,Star Trek: Deep Space Nine,tt0708667,6,7,7.4,893,nm0515237,"nm0734472,nm0075834,nm0683522,nm0601822",-0.10458491117751992
tt0092455,Star Trek: The Next Generation,tt0708668,1,14,7.5,1983,nm0528420,"nm0734472,nm0403477,nm0506841,nm0868124",0.02141247758456835
tt0092455,Star Trek: The Next Generation,tt0708669,6,8,7.6,1555,nm0001772,"nm0734472,nm0938129,nm0103804",0.14740986634665662
tt0092455,Star Trek: The Next Generation,tt0708670,2,8,8.1,1876,nm0101385,"nm0734472,nm0035953,nm1665972,nm1668135,nm0594861,nm0747936",0.7773968101571002
tt0092455,Star Trek: The Next Generation,tt0708671,3,14,6.8,1590,nm0092853,"nm0734472,nm0958418",-0.860569243750053
tt0092455,Star Trek: The Next Generation,tt0708672,5,9,7.3,1513,nm0528420,"nm0734472,nm0075834",-0.2305822999396093
tt0092455,Star Trek: The Next Generation,tt0708675,3,18,7.4,1642,nm0463926,"nm0734472,nm0543362,nm0067234,nm0601822",-0.10458491117751992
tt0092455,Star Trek: The Next Generation,tt0708676,1,13,5.7,1856,nm0722493,"nm0734472,nm0058120,nm0868124",-2.246540520133028
tt0092455,Star Trek: The Next Generation,tt0708677,6,13,6.1,1357,nm0092853,"nm0734472,nm0103804,nm0601822,nm0852578",-1.7425509650846742
tt0092455,Star Trek: The Next Generation,tt0708678,7,8,7.5,1375,nm0000408,"nm0734472,nm0755986",0.02141247758456835
tt0092455,Star Trek: The Next Generation,tt0708679,6,16,7.6,1434,nm0463926,"nm0734472,nm0103804,nm0248404",0.14740986634665662
tt0092455,Star Trek: The Next Generation,tt0708680,6,17,7.4,1413,nm0193062,"nm0734472,nm0248404,nm0103804",-0.10458491117751992
tt0092455,Star Trek: The Next Generation,tt0708681,7,22,6.6,1217,nm0484464,"nm0734472,nm0755986",-1.1125640212742305
tt0092455,Star Trek: The Next Generation,tt0708682,3,6,7.5,1682,nm0064593,"nm0734472,nm0738745,nm0683522,nm0200670,nm0906026",0.02141247758456835
tt0092455,Star Trek: The Next Generation,tt0708683,4,3,7.9,1719,nm0101385,"nm0734472,nm0075834",0.5254020326329236
tt0092455,Star Trek: The Next Generation,tt0708684,3,19,7.2,1706,nm0150024,"nm0066985,nm0601822,nm0734472",-0.3565796887016976
tt0092455,Star Trek: The Next Generation,tt0708686,6,10,8.4,1745,nm0770474,"nm0734472,nm0601822,nm0007761",1.1553889764433674
tt0092455,Star Trek: The Next Generation,tt0708687,6,11,8.9,1882,nm0484464,"nm0734472,nm0007761",1.7853759202538109
tt0092455,Star Trek: The Next Generation,tt0708688,4,14,8.3,1849,nm0484464,"nm0734472,nm1665959,nm0579775,nm0140170,nm0140836,nm0601822",1.029391587681279
tt0092455,Star Trek: The Next Generation,tt0708689,1,3,5.2,2163,"nm0562251,nm0484464","nm0734472,nm0584251,nm1664991,nm0205972,nm0868124",-2.876527463943472
tt0092455,Star Trek: The Next Generation,tt0708690,1,18,7.2,1770,nm0892144,"nm0734472,nm1057738,nm0067234,nm0543362,nm0790433,nm0868124",-0.3565796887016976
tt0092455,Star Trek: The Next Generation,tt0708691,1,24,8.1,2022,nm0092853,"nm0734472,nm0868124,nm0754517,nm0067234,nm0543362,nm0790433",0.7773968101571002
tt0092455,Star Trek: The Next Generation,tt0708692,2,11,7.7,1684,nm0768939,"nm0734472,nm0314153,nm1180086,nm0594861,nm0747936,nm0811200",0.27340725510874603
tt0092455,Star Trek: The Next Generation,tt0708693,5,14,8.3,1722,nm0484464,"nm0734472,nm0772049,nm0771514",1.029391587681279
tt0092455,Star Trek: The Next Generation,tt0708694,5,20,6.3,1367,nm0463926,"nm0734472,nm0276333",-1.4905561875604965
tt0092455,Star Trek: The Next Generation,tt0708695,7,7,6.4,1406,nm0484464,"nm0734472,nm0046042",-1.3645587987984071
tt0092455,Star Trek: The Next Generation,tt0708696,5,2,8.7,2432,nm0463926,"nm0734472,nm0579775,nm0493857",1.533381142729632
tt0092455,Star Trek: The Next Generation,tt0708697,4,11,8.2,1800,nm0927445,"nm0734472,nm0032566,nm0601822,nm0140170,nm0140836,nm0579775",0.9033941989191885
tt0092455,Star Trek: The Next Generation,tt0708698,1,12,7.7,2013,nm0101385,"nm0734472,nm0506841,nm0403477,nm0868124",0.27340725510874603
tt0092455,Star Trek: The Next Generation,tt0708699,3,13,8.6,2036,nm0484464,"nm0734472,nm0200670",1.4073837539675438
tt0092455,Star Trek: The Next Generation,tt0708700,6,26,8.3,1477,nm0801883,"nm0734472,nm0601822,nm0852578",1.029391587681279
tt0092455,Star Trek: The Next Generation,tt0708701,7,1,7.9,1491,nm0801883,"nm0734472,nm0248404",0.5254020326329236
tt0092455,Star Trek: The Next Generation,tt0708702,4,13,7.3,1623,nm0071417,"nm0734472,nm0493857,nm0487091,nm0140170,nm0140836,nm0579775,nm0601822",-0.2305822999396093
tt0092455,Star Trek: The Next Generation,tt0708703,5,5,7.9,1716,nm0064593,"nm0734472,nm0601822,nm0419115,nm1666010",0.5254020326329236
tt0092455,Star Trek: The Next Generation,tt0708704,2,3,8.2,2092,nm0101385,"nm0734472,nm0485255,nm0236279",0.9033941989191885
tt0092455,Star Trek: The Next Generation,tt0708705,7,23,6.7,1260,nm0092853,"nm0734472,nm0579775,nm0103804",-0.9865666325121412
tt0092455,Star Trek: The Next Generation,tt0708708,5,3,7.8,1588,nm0484464,"nm0734472,nm0683522,nm0075834",0.3994046438708343
tt0092455,Star Trek: The Next Generation,tt0708709,5,16,7.3,1477,nm0150024,"nm0734472,nm0601822,nm0153384,nm0153385",-0.2305822999396093
tt0092455,Star Trek: The Next Generation,tt0708710,3,1,6.6,1661,nm0463926,"nm0734472,nm0683522,nm0906026",-1.1125640212742305
tt0092455,Star Trek: The Next Generation,tt0708711,7,18,6.7,1280,nm0092853,"nm0734472,nm0248404,nm0103804",-0.9865666325121412
tt0092455,Star Trek: The Next Generation,tt0708712,6,14,8,1544,nm0064593,"nm0734472,nm0788167,nm0248404",0.651399421395012
tt0092455,Star Trek: The Next Generation,tt0708713,4,2,8.2,2056,nm0484464,"nm0734472,nm0601822,nm1665984,nm1664998,nm0579775",0.9033941989191885
tt0092455,Star Trek: The Next Generation,tt0708714,4,9,6.8,1545,nm0001904,"nm0734472,nm1427622,nm0852578,nm0140170,nm0140836,nm0579775,nm0601822",-0.860569243750053
tt0092455,Star Trek: The Next Generation,tt0708715,4,15,8.1,1736,nm0092853,"nm0579775,nm0601822,nm0734472,nm2381391,nm1665961,nm0683522,nm0956002,nm0140170,nm0140836",0.7773968101571002
tt0092455,Star Trek: The Next Generation,tt0708716,7,21,6.8,1226,nm0922162,"nm0734472,nm0248404,nm1665979",-0.860569243750053
tt0092455,Star Trek: The Next Generation,tt0708717,7,9,6.4,1305,nm0496521,"nm0734472,nm0788167",-1.3645587987984071
tt0092455,Star Trek: The Next Generation,tt0708718,6,21,8.3,1659,nm0176702,"nm0734472,nm0103804",1.029391587681279
tt0092455,Star Trek: The Next Generation,tt0708719,4,8,7.9,1740,nm0484464,"nm0734472,nm0140836,nm0140170,nm0579775,nm0601822",0.5254020326329236
tt0092455,Star Trek: The Next Generation,tt0708720,4,16,7.2,1530,nm0463926,"nm0734472,nm0403477,nm0440246,nm0140170,nm0140836,nm0579775,nm0601822",-0.3565796887016976
tt0092455,Star Trek: The Next Generation,tt0708721,7,4,7.8,1448,nm0491496,"nm0734472,nm0788167,nm0369030",0.3994046438708343
tt0092455,Star Trek: The Next Generation,tt0708722,7,5,7.9,1444,nm0801883,"nm0734472,nm0601822,nm0788167",0.5254020326329236
tt0092455,Star Trek: The Next Generation,tt0708723,7,19,7.2,1465,nm0000533,"nm0734472,nm0103804",-0.3565796887016976
tt0092455,Star Trek: The Next Generation,tt0708724,4,22,7.3,1552,nm0484464,"nm0734472,nm0276333,nm0731614,nm0140170,nm0140836,nm0579775,nm0601822",-0.2305822999396093
tt0092455,Star Trek: The Next Generation,tt0708725,1,10,6.3,1829,nm0174068,"nm0734472,nm0868124,nm0641548",-1.4905561875604965
tt0092455,Star Trek: The Next Generation,tt0708726,1,19,7.3,1724,nm0101385,"nm0734472,nm0403477,nm0002724,nm0284894,nm0067234,nm0543362,nm0790433,nm0868124",-0.2305822999396093
tt0092455,Star Trek: The Next Generation,tt0708727,5,11,6.6,1431,nm0001772,"nm0734472,nm0579775,nm0046042",-1.1125640212742305
tt0092455,Star Trek: The Next Generation,tt0708728,1,9,7,1945,nm0092853,"nm0734472,nm0403477,nm0868124",-0.6085744662258752
tt0092455,Star Trek: The Next Generation,tt0708729,3,21,7.8,1699,nm0092853,"nm0734472,nm1199046,nm0601822",0.3994046438708343
tt0092455,Star Trek: The Next Generation,tt0708730,1,17,6.8,1715,nm0001904,"nm0734472,nm0754517,nm0315324,nm1429433,nm0868124",-0.860569243750053
tt0092455,Star Trek: The Next Generation,tt0708731,7,13,7.1,1307,nm0801883,"nm0734472,nm0788167,nm0826051,nm1618294",-0.482577077463787
tt0092455,Star Trek: The Next Generation,tt0708732,5,23,8.8,2018,nm0496521,"nm0734472,nm0248404",1.6593785314917227
tt0092455,Star Trek: The Next Generation,tt0708733,4,18,6.8,1466,nm0463926,"nm0734472,nm0103804,nm0208808",-0.860569243750053
tt0092455,Star Trek: The Next Generation,tt0708734,5,22,6.1,1406,nm0064593,"nm0734472,nm0842397,nm0103804,nm1203477,nm1204624,nm1668150",-1.7425509650846742
tt0092455,Star Trek: The Next Generation,tt0708735,4,25,7.2,1527,nm0001772,"nm0734472,nm0579775,nm0601822,nm0140170,nm0140836",-0.3565796887016976
tt0092455,Star Trek: The Next Generation,tt0708736,7,10,7.6,1361,nm0770474,"nm0734472,nm0462906,nm0248404",0.14740986634665662
tt0092455,Star Trek: The Next Generation,tt0708737,7,3,6.3,1267,nm0927445,"nm0734472,nm0579775",-1.4905561875604965
tt0092455,Star Trek: The Next Generation,tt0708738,7,20,6.5,1360,nm0001904,"nm0734472,nm0601822,nm0683525,nm0621098",-1.238561410036319
tt0092455,Star Trek: The Next Generation,tt0708739,1,7,6,1981,nm0176702,"nm0734472,nm0861439,nm0085353,nm0868124",-1.8685483538467624
tt0092455,Star Trek: The Next Generation,tt0708740,4,6,6.8,1551,nm0770474,"nm0734472,nm0579775,nm0601822",-0.860569243750053
tt0092455,Star Trek: The Next Generation,tt0708741,6,19,7.5,1527,nm0927445,"nm0734472,nm1204624,nm1203477",0.02141247758456835
tt0092455,Star Trek: The Next Generation,tt0708742,7,2,6.7,1308,nm0092853,"nm0734472,nm1237351,nm0723680,nm0260241,nm0339196",-0.9865666325121412
tt0092455,Star Trek: The Next Generation,tt0708743,1,6,6.3,1851,nm0092853,"nm0734472,nm0284894,nm0991357,nm0868124",-1.4905561875604965
tt0092455,Star Trek: The Next Generation,tt0708744,2,5,6.6,1693,nm0789834,"nm0734472,nm0952590,nm0594861,nm0747936",-1.1125640212742305
tt0092455,Star Trek: The Next Generation,tt0708745,7,15,8.7,1885,nm0064593,"nm0734472,nm0248404,nm1204624,nm1203477",1.533381142729632
tt0092455,Star Trek: The Next Generation,tt0708746,6,3,5.8,1373,nm0463926,"nm0734472,nm0007761",-2.12054313137094
tt0092455,Star Trek: The Next Generation,tt0708747,2,19,6.1,1582,nm0101385,"nm0734472,nm0868124,nm0067234,nm0543362,nm0811200",-1.7425509650846742
tt0092455,Star Trek: The Next Generation,tt0708748,7,17,6.1,1430,nm0927445,"nm0734472,nm0579775",-1.7425509650846742
tt0092455,Star Trek: The Next Generation,tt0708749,3,24,6.6,1562,nm0499215,"nm0734472,nm1163574,nm0755257,nm0601822",-1.1125640212742305
tt0092455,Star Trek: The Next Generation,tt0708750,5,10,6.6,1383,nm0770474,"nm0734472,nm0742217,nm0153384,nm0153385",-1.1125640212742305
tt0092455,Star Trek: The Next Generation,tt0708751,4,17,7.2,1557,nm0484464,"nm0235198,nm0852578,nm0328912,nm0140170,nm0140836,nm0579775,nm0601822,nm0734472",-0.3565796887016976
tt0092455,Star Trek: The Next Generation,tt0708752,7,11,8.8,1829,nm0927445,"nm0734472,nm0103804",1.6593785314917227
tt0092455,Star Trek: The Next Generation,tt0708753,2,21,7.8,1684,nm0770474,"nm0734472,nm0447406,nm0811200",0.3994046438708343
tt0092455,Star Trek: The Next Generation,tt0708754,2,15,6.8,1657,nm0463926,"nm0734472,nm0811200,nm0790433",-0.860569243750053
tt0092455,Star Trek: The Next Generation,tt0708755,7,6,7.6,1414,nm0001772,"nm0734472,nm0103804",0.14740986634665662
tt0092455,Star Trek: The Next Generation,tt0708756,5,15,7.4,1471,nm0515237,"nm0734472,nm0049569,nm0002724,nm0103804,nm0747864,nm0403477",-0.10458491117751992
tt0092455,Star Trek: The Next Generation,tt0708757,7,24,7.9,1336,nm0001772,"nm0734472,nm0248404,nm0788167",0.5254020326329236
tt0092455,Star Trek: The Next Generation,tt0708758,2,16,9,2410,nm0101385,"nm0734472,nm0403477,nm0811200",1.911373309015899
tt0092455,Star Trek: The Next Generation,tt0708759,4,20,7.3,1654,nm0092853,"nm0734472,nm0066985,nm0751396,nm0140170,nm0140836,nm0579775,nm0601822",-0.2305822999396093
tt0092455,Star Trek: The Next Generation,tt0708760,6,7,7.3,1569,nm0632382,"nm0734472,nm0387881,nm1668139,nm0098595,nm0683522,nm0232803",-0.2305822999396093
tt0092455,Star Trek: The Next Generation,tt0708761,6,2,7.3,1426,nm0092853,"nm0103804,nm0248404,nm0734472",-0.2305822999396093
tt0092455,Star Trek: The Next Generation,tt0708762,4,26,8.4,1640,nm0092853,"nm0734472,nm0601822,nm0140170,nm0140836,nm0579775",1.1553889764433674
tt0092455,Star Trek: The Next Generation,tt0708764,6,4,8.6,1873,nm0801883,"nm0734472,nm0601822",1.4073837539675438
tt0092455,Star Trek: The Next Generation,tt0708765,4,5,7.9,1835,nm0092853,"nm0734472,nm0791044,nm0579775,nm0601822",0.5254020326329236
tt0092455,Star Trek: The Next Generation,tt0708766,4,7,8.4,1770,nm0000408,"nm0734472,nm0675327,nm0991386,nm0601822,nm0103804,nm0215044,nm0579775",1.1553889764433674
tt0092455,Star Trek: The Next Generation,tt0708767,6,23,7.2,1304,nm0463926,"nm0734472,nm0601822,nm1664992,nm0103804,nm0248404",-0.3565796887016976
tt0092455,Star Trek: The Next Generation,tt0708768,2,17,6.6,1582,nm0484464,"nm0734472,nm0567228,nm0811200",-1.1125640212742305
tt0092455,Star Trek: The Next Generation,tt0708769,3,23,8.2,1795,nm0484464,"nm0734472,nm0063566,nm0193721,nm0414443,nm0601822",0.9033941989191885
tt0092455,Star Trek: The Next Generation,tt0708770,6,5,7.6,1523,nm0927445,"nm0734472,nm0103804,nm1203477,nm1204624",0.14740986634665662
tt0092455,Star Trek: The Next Generation,tt0708771,6,24,7.7,1404,nm0000996,"nm0734472,nm0248404,nm1665990,nm0103804",0.27340725510874603
tt0092455,Star Trek: The Next Generation,tt0708772,2,22,3.4,2006,nm0101385,"nm0734472,nm0403477,nm0543362,nm0067234,nm0811200",-5.14448046166107
tt0092455,Star Trek: The Next Generation,tt0708773,6,12,8.6,1773,nm0801883,"nm0734472,nm0248404,nm0103804,nm0236279",1.4073837539675438
tt0092455,Star Trek: The Next Generation,tt0708774,5,4,7.3,1480,nm0092853,"nm0734472,nm0852578,nm1665963",-0.2305822999396093
tt0092455,Star Trek: The Next Generation,tt0708775,3,17,8.3,1765,nm0484464,"nm0734472,nm0601822,nm0602962,nm0215044",1.029391587681279
tt0092455,Star Trek: The Next Generation,tt0708776,1,22,6.9,1942,nm0768939,"nm0734472,nm0825010,nm0790433,nm0868124,nm0067234,nm0543362",-0.7345718549879635
tt0092455,Star Trek: The Next Generation,tt0708777,6,18,8,1580,nm0092853,"nm0734472,nm0312663",0.651399421395012
tt0092455,Star Trek: The Next Generation,tt0708778,7,14,5,1562,nm0000408,"nm0734472,nm0103804,nm0852578,nm3325095",-3.1285222414676497
tt0092455,Star Trek: The Next Generation,tt0708779,4,4,6.5,1574,nm0064593,"nm0734472,nm0924095,nm0852578,nm1449110,nm0579775,nm0601822",-1.238561410036319
tt0092455,Star Trek: The Next Generation,tt0708780,6,22,7.1,1336,nm0092853,"nm0734472,nm0579775,nm0788167",-0.482577077463787
tt0092455,Star Trek: The Next Generation,tt0708781,1,21,6.9,1738,nm0679855,"nm0734472,nm0506841,nm0543362,nm0067234,nm0790433,nm0868124",-0.7345718549879635
tt0092455,Star Trek: The Next Generation,tt0708782,6,15,9,2062,nm0484464,"nm0734472,nm0601822",1.911373309015899
tt0092455,Star Trek: The Next Generation,tt0708783,1,20,7.2,1784,nm0484464,"nm0734472,nm0543362,nm0067234,nm0403477,nm0506841,nm0790433,nm0868124",-0.3565796887016976
tt0092455,Star Trek: The Next Generation,tt0708784,1,8,6.8,1847,nm0101385,"nm0734472,nm0002724,nm0286734,nm0868124",-0.860569243750053
tt0092455,Star Trek: The Next Generation,tt0708785,3,26,9.4,2911,nm0092853,"nm0734472,nm0683522,nm0601822",2.4153628640642544
tt0092455,Star Trek: The Next Generation,tt0708786,4,1,9.3,2710,nm0092853,"nm0734472,nm0683522,nm0579775,nm0601822",2.289365475302166
tt0092455,Star Trek: The Next Generation,tt0708787,1,11,7.4,1943,nm0768939,"nm0734472,nm0868124",-0.10458491117751992
tt0092455,Star Trek: The Next Generation,tt0708788,3,5,6.7,1633,nm0463926,"nm0734472,nm0601822",-0.9865666325121412
tt0092455,Star Trek: The Next Generation,tt0708789,6,20,8.1,1636,nm0000408,"nm0734472,nm0579775,nm0601822",0.7773968101571002
tt0092455,Star Trek: The Next Generation,tt0708790,2,1,5.8,1883,nm0101385,"nm0734472,nm0838721,nm0693956,nm0403477",-2.12054313137094
tt0092455,Star Trek: The Next Generation,tt0708791,2,10,6.2,1727,nm0101385,"nm0734472,nm0747936,nm0594861,nm0811200",-1.6165535763225847
tt0092455,Star Trek: The Next Generation,tt0708792,3,10,8.5,1912,nm0770474,"nm0734472,nm0601822,nm0200670",1.2813863652054556
tt0092455,Star Trek: The Next Generation,tt0708793,4,21,8.4,1939,nm0000408,"nm0734472,nm0852578,nm0140170,nm0140836,nm0579775,nm0601822",1.1553889764433674
tt0092455,Star Trek: The Next Generation,tt0708794,2,20,7.6,1704,nm0092853,"nm0734472,nm0543362,nm0067234,nm1665962,nm0811200",0.14740986634665662
tt0092455,Star Trek: The Next Generation,tt0708795,3,7,7.9,1672,nm0141222,"nm0734472,nm0447406,nm0683522,nm0200670",0.5254020326329236
tt0092455,Star Trek: The Next Generation,tt0708796,3,2,7.4,1747,nm0092853,"nm0734472,nm0811200",-0.10458491117751992
tt0092455,Star Trek: The Next Generation,tt0708797,5,19,7.9,1584,nm0528420,"nm0734472,nm0601822,nm0788167",0.5254020326329236
tt0092455,Star Trek: The Next Generation,tt0708798,5,6,7.5,1728,nm0001904,"nm0734472,nm0103804,nm0755257,nm1163574",0.02141247758456835
tt0092455,Star Trek: The Next Generation,tt0708799,3,12,6.8,1581,nm0064593,"nm0734472,nm0811200,nm0200670",-0.860569243750053
tt0092455,Star Trek: The Next Generation,tt0708800,4,23,6.5,1471,nm0750691,"nm0734472,nm1044443,nm0140170,nm0140836,nm0579775,nm0601822",-1.238561410036319
tt0092455,Star Trek: The Next Generation,tt0708801,3,11,7.5,1662,nm0092853,"nm0734472,nm0076820,nm0200670",0.02141247758456835
tt0092455,Star Trek: The Next Generation,tt0708802,2,14,6.3,1550,nm0410769,"nm0734472,nm0039748,nm0567228,nm0811200",-1.4905561875604965
tt0092455,Star Trek: The Next Generation,tt0708803,5,25,9.4,4200,nm0491496,"nm0734472,nm0312663,nm0276333",2.4153628640642544
tt0092455,Star Trek: The Next Generation,tt0708804,1,4,6.3,2026,nm0171619,"nm0734472,nm0002724,nm1097998,nm0868124",-1.4905561875604965
tt0092455,Star Trek: The Next Generation,tt0708805,4,10,6,1502,nm0150024,"nm0734472,nm0046042,nm0012098,nm0338942,nm0140170,nm0140836,nm0579775,nm0601822",-1.8685483538467624
tt0092455,Star Trek: The Next Generation,tt0708806,5,13,6.8,1399,nm0463926,"nm0734472,nm0004277,nm0683522,nm0434851",-0.860569243750053
tt0092455,Star Trek: The Next Generation,tt0708807,2,9,9.1,2809,nm0770474,"nm0734472,nm0811200,nm0594861,nm0747936",2.0373706977779875
tt0092455,Star Trek: The Next Generation,tt0708808,4,24,7.8,1504,nm0515237,"nm0734472,nm0248404,nm1668165,nm0140170,nm0140836,nm0579775,nm0601822",0.3994046438708343
tt0092455,Star Trek: The Next Generation,tt0708809,3,22,7.7,1707,nm0003403,"nm0734472,nm0328912,nm0601822",0.27340725510874603
tt0092455,Star Trek: The Next Generation,tt0708810,1,2,6.5,2299,nm0528420,"nm0734472,nm0284894,nm0085353,nm0205972,nm0868124",-1.238561410036319
tt0092455,Star Trek: The Next Generation,tt0708811,1,25,7.5,1848,nm0176702,"nm0734472,nm0403477,nm1665989,nm1668144,nm0790433,nm0868124,nm0067234,nm0543362",0.02141247758456835
tt0092455,Star Trek: The Next Generation,tt0708812,5,24,8.3,1616,nm0141222,"nm0734472,nm0601822",1.029391587681279
tt0092455,Star Trek: The Next Generation,tt0708813,4,19,8.1,1676,nm0499215,"nm0734472,nm0579775,nm0140170,nm0140836,nm0601822",0.7773968101571002
tt0092455,Star Trek: The Next Generation,tt0708814,3,16,8.5,2181,nm0000408,"nm0734472,nm0248404",1.2813863652054556
tt0092455,Star Trek: The Next Generation,tt0708815,5,17,6.7,1585,nm0770474,"nm0734472,nm0852578",-0.9865666325121412
tt0092455,Star Trek: The Next Generation,tt0708816,2,4,6.3,1818,nm0065568,"nm0734472,nm0035953,nm1665991,nm0225681,nm0484686,nm0594861,nm0747936",-1.4905561875604965
tt0092455,Star Trek: The Next Generation,tt0708817,7,12,8.6,1607,nm0000996,"nm0734472,nm0601822",1.4073837539675438
tt0092455,Star Trek: The Next Generation,tt0708818,5,21,7.4,1628,nm0092853,"nm0734472,nm0496460,nm0683522,nm0248404",-0.10458491117751992
tt0092455,Star Trek: The Next Generation,tt0708819,3,8,6.3,1582,nm0770474,"nm0734472,nm0790433,nm0200670",-1.4905561875604965
tt0092455,Star Trek: The Next Generation,tt0708820,6,9,7.4,1393,nm0000408,"nm0734472,nm0788167,nm1668167",-0.10458491117751992
tt0092455,Star Trek: The Next Generation,tt0708821,2,12,6.7,1800,nm0092853,"nm0734472,nm0868124,nm0594861,nm0747936,nm0811200",-0.9865666325121412
tt0092455,Star Trek: The Next Generation,tt0708822,2,6,7,1684,nm0484464,"nm0734472,nm0868124,nm0543362,nm0067234,nm0594861,nm0747936",-0.6085744662258752
tt0092455,Star Trek: The Next Generation,tt0708823,3,3,7.7,1887,nm0484464,"nm0734472,nm0906026",0.27340725510874603
tt0092455,Star Trek: The Next Generation,tt0708824,3,9,6.6,1550,nm0003403,"nm0734472,nm0738222,nm0200670",-1.1125640212742305
tt0092455,Star Trek: The Next Generation,tt0708825,4,12,8.2,1705,nm0150024,"nm0734472,nm0852578,nm0153385,nm0153384,nm0155871,nm0140170,nm0140836,nm0579775,nm0601822",0.9033941989191885
tt0092455,Star Trek: The Next Generation,tt0708826,7,16,7.8,1441,nm0463926,"nm0734472,nm0601822,nm0369030",0.3994046438708343
tt0092455,Star Trek: The Next Generation,tt0708827,2,13,7.6,1791,nm0768939,"nm0734472,nm0403477,nm1237197,nm0811200",0.14740986634665662
tt0092455,Star Trek: The Next Generation,tt0708828,5,26,8.4,1745,nm0484464,"nm0734472,nm0579775,nm0683522,nm0742457",1.1553889764433674
tt0092455,Star Trek: The Next Generation,tt0708829,6,1,8.3,1744,nm0484464,"nm0742457,nm0734472,nm0852578,nm0579775,nm0103804,nm0248404",1.029391587681279
tt0092455,Star Trek: The Next Generation,tt0708830,6,25,8.6,1655,nm0632382,"nm0734472,nm0103804",1.4073837539675438
tt0092455,Star Trek: The Next Generation,tt0708831,3,20,7.3,1633,nm0770474,"nm0734472,nm2381391,nm1665961,nm0601822",-0.2305822999396093
tt0092455,Star Trek: The Next Generation,tt0708832,1,15,6.1,1774,nm0101385,"nm0734472,nm0584253,nm0284894,nm0205972,nm0868124",-1.7425509650846742
tt0092455,Star Trek: The Next Generation,tt0708833,3,25,7,1519,nm0071417,"nm0734472,nm0248404,nm0601822",-0.6085744662258752
tt0092455,Star Trek: The Next Generation,tt0708834,6,6,7.5,1511,nm0770474,"nm0734472,nm0248404,nm2466005",0.02141247758456835
tt0092455,Star Trek: The Next Generation,tt0708835,5,7,8.3,1679,nm0484464,"nm0734472,nm0852578,nm0075834,nm0683522",1.029391587681279
tt0092455,Star Trek: The Next Generation,tt0708836,5,8,8.4,1672,nm0092853,"nm0734472,nm0683522,nm0075834",1.1553889764433674
tt0092455,Star Trek: The Next Generation,tt0708837,2,7,6.5,1633,nm0528420,"nm0734472,nm0556777,nm0336831,nm0594861,nm0747936",-1.238561410036319
tt0092455,Star Trek: The Next Generation,tt0708838,2,18,6.3,1654,nm0463926,"nm0734472,nm0811200",-1.4905561875604965
tt0092455,Star Trek: The Next Generation,tt0708839,5,12,6.3,1377,nm0927445,"nm0734472,nm0336861,nm0852578,nm0328912,nm0584218",-1.4905561875604965
tt0092455,Star Trek: The Next Generation,tt0708840,1,23,6.6,1689,nm0065568,"nm0734472,nm0204456,nm0790433,nm0868124,nm0067234,nm0543362",-1.1125640212742305
tt0092455,Star Trek: The Next Generation,tt0708841,1,16,6.4,1741,nm0543129,"nm0734472,nm0790433,nm0868124",-1.3645587987984071
tt0092455,Star Trek: The Next Generation,tt0708842,1,5,7.6,2228,nm0101385,"nm0734472,nm0239032,nm0714184,nm0205972,nm0868124",0.14740986634665662
tt0092455,Star Trek: The Next Generation,tt0708843,2,2,7.1,1774,nm0463926,"nm0734472,nm0816348",-0.482577077463787
tt0092455,Star Trek: The Next Generation,tt0708844,3,4,8.1,2088,nm0927445,"nm0734472,nm0543362,nm0067234",0.7773968101571002
tt0092455,Star Trek: The Next Generation,tt0708845,3,15,9.2,2926,nm0141222,"nm0734472,nm0066985,nm0543362,nm0067234,nm0601822,nm1665968,nm0830333",2.1633680865400757
tt0112178,Star Trek: Voyager,tt0708846,5,23,6.6,863,nm0515237,"nm0734472,nm0075834,nm0683522,nm0852578,nm0579775,nm0103804",-1.1125640212742305
tt0112178,Star Trek: Voyager,tt0708847,6,5,6.5,811,nm0515237,"nm0734472,nm0075834,nm0683522,nm0852578,nm0852899,nm0298188,nm1261893",-1.238561410036319
tt0112178,Star Trek: Voyager,tt0708848,2,14,7.3,865,nm0484464,"nm0734472,nm0075834,nm0683522,nm0852578",-0.2305822999396093
tt0112178,Star Trek: Voyager,tt0708849,3,14,6.8,809,nm0000585,"nm0734472,nm0075834,nm0683522,nm0852578,nm0579775",-0.860569243750053
tt0112178,Star Trek: Voyager,tt0708850,6,18,7,816,nm0934664,"nm0734472,nm0075834,nm0683522,nm0852578,nm1201266,nm1204624",-0.6085744662258752
tt0112178,Star Trek: Voyager,tt0708851,7,20,7.9,823,nm0515237,"nm0734472,nm0075834,nm0683522,nm0852578,nm0835040,nm0839943,nm0103804",0.5254020326329236
tt0112178,Star Trek: Voyager,tt0708852,6,3,6.4,851,nm0892144,"nm0601822,nm0298188,nm0734472,nm0075834,nm0683522,nm0852578",-1.3645587987984071
tt0112178,Star Trek: Voyager,tt0708853,2,26,7.9,899,nm0463926,"nm0852578,nm0683522,nm0734472,nm0075834",0.5254020326329236
tt0112178,Star Trek: Voyager,tt0708854,3,1,7.9,900,nm0463926,"nm0734472,nm0075834,nm0683522,nm0852578",0.5254020326329236
tt0112178,Star Trek: Voyager,tt0708855,3,21,7.8,888,nm0471862,"nm0734472,nm0075834,nm0683522,nm0852578,nm0082376",0.3994046438708343
tt0112178,Star Trek: Voyager,tt0708856,6,12,9,1495,nm0064593,"nm0734472,nm0075834,nm0683522,nm0852578,nm0579775,nm0852899",1.911373309015899
tt0112178,Star Trek: Voyager,tt0708857,5,14,7.7,888,nm0092853,"nm0734472,nm0075834,nm0683522,nm0852578,nm1201266,nm0695080",0.27340725510874603
tt0112178,Star Trek: Voyager,tt0708859,7,7,7.9,875,nm0000536,"nm0734472,nm0075834,nm0683522,nm0852578,nm0606520,nm0835040,nm0839943,nm0852899,nm0272243",0.5254020326329236
tt0112178,Star Trek: Voyager,tt0708860,5,12,7.4,980,nm0471862,"nm0734472,nm0075834,nm0683522,nm0852578,nm0298188,nm0852899",-0.10458491117751992
tt0112178,Star Trek: Voyager,tt0708863,1,12,6.7,916,nm0295272,"nm0734472,nm0075834,nm0683522,nm0852578,nm0103804,nm0579775",-0.9865666325121412
tt0112178,Star Trek: Voyager,tt0708864,6,19,7.6,811,nm0892144,"nm0734472,nm0075834,nm0683522,nm0852578,nm0338249,nm0114399",0.14740986634665662
tt0112178,Star Trek: Voyager,tt0708865,3,15,7.1,847,nm0540487,"nm0734472,nm0075834,nm0683522,nm0852578",-0.482577077463787
tt0112178,Star Trek: Voyager,tt0708866,2,10,7.2,879,nm0092853,"nm0734472,nm0075834,nm0683522,nm0852578,nm0103804,nm0930042",-0.3565796887016976
tt0112178,Star Trek: Voyager,tt0708867,6,16,7.3,803,nm0509183,"nm0734472,nm0075834,nm0683522,nm0852578,nm0852899,nm0696783,nm1244633",-0.2305822999396093
tt0112178,Star Trek: Voyager,tt0708868,4,11,6.8,823,nm0872442,"nm0734472,nm0075834,nm0683522,nm0852578,nm0579775,nm2089473",-0.860569243750053
tt0112178,Star Trek: Voyager,tt0708870,7,5,7.8,834,nm0934664,"nm0734472,nm0075834,nm0683522,nm0852578,nm0434851,nm0082376,nm1201266",0.3994046438708343
tt0112178,Star Trek: Voyager,tt0708872,5,16,8.5,926,nm0934664,"nm0734472,nm0075834,nm0683522,nm0852578,nm0103804,nm0579775",1.2813863652054556
tt0112178,Star Trek: Voyager,tt0708873,4,3,7.4,860,nm0872442,"nm0734472,nm0075834,nm0683522,nm0852578",-0.10458491117751992
tt0112178,Star Trek: Voyager,tt0708874,2,21,8.3,1033,nm0515237,"nm0734472,nm0075834,nm0683522,nm0852578,nm0103804",1.029391587681279
tt0112178,Star Trek: Voyager,tt0708875,2,18,8.4,1092,nm0176702,"nm0734472,nm0075834,nm0683522,nm0852578,nm0683525,nm0082376",1.1553889764433674
tt0112178,Star Trek: Voyager,tt0708876,4,24,7.1,840,nm0930041,"nm0734472,nm0075834,nm0683522,nm0852578,nm0082376,nm0097004",-0.482577077463787
tt0112178,Star Trek: Voyager,tt0708877,3,24,7.5,791,nm0471862,"nm0734472,nm0075834,nm0683522,nm0852578,nm0459822",0.02141247758456835
tt0112178,Star Trek: Voyager,tt0708878,3,23,8.5,1071,nm0515237,"nm0734472,nm0075834,nm0683522,nm0852578,nm0103804,nm0579775",1.2813863652054556
tt0112178,Star Trek: Voyager,tt0708879,6,7,7.6,826,nm0463926,"nm0734472,nm0075834,nm0683522,nm0852578,nm0852899,nm0103804,nm0579775",0.14740986634665662
tt0112178,Star Trek: Voyager,tt0708880,2,17,7.6,939,nm0000996,"nm0734472,nm0075834,nm0683522,nm0852578,nm1243911",0.14740986634665662
tt0112178,Star Trek: Voyager,tt0708881,7,3,7.1,785,nm0463926,"nm0734472,nm0075834,nm0683522,nm0852578,nm0852899",-0.482577077463787
tt0112178,Star Trek: Voyager,tt0708882,5,2,8.6,1154,nm0484464,"nm0734472,nm0075834,nm0683522,nm0852578,nm0298188,nm0103804,nm0579775,nm1004541",1.4073837539675438
tt0112178,Star Trek: Voyager,tt0708883,2,4,5.9,917,nm0463926,"nm0734472,nm0075834,nm0683522,nm0852578,nm0082376,nm2089473,nm1236630",-1.9945457426088506
tt0112178,Star Trek: Voyager,tt0708884,1,8,6.7,986,nm0515237,"nm0734472,nm0075834,nm0683522,nm0852578,nm0103804,nm0082376",-0.9865666325121412
tt0112178,Star Trek: Voyager,tt0708887,5,26,8.4,925,nm0515237,"nm0734472,nm0075834,nm0683522,nm0852578,nm0103804,nm0579775",1.1553889764433674
tt0112178,Star Trek: Voyager,tt0708888,6,1,8.2,953,nm0515237,"nm0734472,nm0075834,nm0683522,nm0852578,nm0103804,nm0579775",0.9033941989191885
tt0112178,Star Trek: Voyager,tt0708889,1,7,6.6,1004,nm0000996,"nm0734472,nm0075834,nm0683522,nm0852578,nm0813844,nm0082376",-1.1125640212742305
tt0112178,Star Trek: Voyager,tt0708890,5,3,6.8,827,nm0092853,"nm0734472,nm0075834,nm0683522,nm0852578,nm0082376",-0.860569243750053
tt0112178,Star Trek: Voyager,tt0708891,1,6,8.2,1144,nm0463926,"nm0734472,nm0075834,nm0683522,nm0852578,nm0224482,nm0046042,nm0082376",0.9033941989191885
tt0112178,Star Trek: Voyager,tt0708892,1,13,7.3,970,nm0463926,"nm0734472,nm0075834,nm0683522,nm0852578,nm0082376,nm0322106",-0.2305822999396093
tt0112178,Star Trek: Voyager,tt0708893,6,11,6.3,866,nm0471862,"nm0734472,nm0075834,nm0683522,nm0852578,nm0076820",-1.4905561875604965
tt0112178,Star Trek: Voyager,tt0708894,3,13,6.7,787,nm0872442,"nm0734472,nm0075834,nm0683522,nm0852578,nm0097004,nm1204624,nm1203477",-0.9865666325121412
tt0112178,Star Trek: Voyager,tt0708895,3,5,6.6,895,nm0092853,"nm0734472,nm0075834,nm0683522,nm0852578,nm0579775,nm1202110",-1.1125640212742305
tt0112178,Star Trek: Voyager,tt0708896,3,20,6.1,821,nm0750691,"nm0734472,nm0075834,nm0683522,nm0852578,nm0459822",-1.7425509650846742
tt0112178,Star Trek: Voyager,tt0708897,3,2,7.8,972,nm0515237,"nm0734472,nm0075834,nm0683522,nm0852578,nm0103804",0.3994046438708343
tt0112178,Star Trek: Voyager,tt0708900,7,21,7.1,761,nm0892144,"nm0734472,nm0075834,nm0683522,nm0852578,nm0852899,nm0298188",-0.482577077463787
tt0112178,Star Trek: Voyager,tt0708901,6,23,6.3,811,nm0116497,"nm0734472,nm0075834,nm0683522,nm0852578,nm0852899,nm0298188,nm0103804",-1.4905561875604965
tt0112178,Star Trek: Voyager,tt0708902,3,8,8.3,1086,nm0515237,"nm0734472,nm0075834,nm0683522,nm0852578,nm0103804,nm0579775,nm0459822",1.029391587681279
tt0112178,Star Trek: Voyager,tt0708903,3,9,8.2,1027,nm0092853,"nm0734472,nm0075834,nm0683522,nm0852578,nm0103804,nm0579775,nm0459822",0.9033941989191885
tt0112178,Star Trek: Voyager,tt0708904,6,20,7.2,812,nm0463926,"nm0734472,nm0075834,nm0683522,nm0852578,nm1085463,nm0579775",-0.3565796887016976
tt0112178,Star Trek: Voyager,tt0708905,5,13,7.3,863,nm0934664,"nm0734472,nm0075834,nm0683522,nm0852578,nm0755986,nm0298188,nm2089473",-0.2305822999396093
tt0112178,Star Trek: Voyager,tt0708906,1,11,6.7,986,nm0484464,"nm0734472,nm0075834,nm0683522,nm0852578,nm0082376,nm0788167",-0.9865666325121412
tt0112178,Star Trek: Voyager,tt0708907,7,23,7.6,807,nm0000996,"nm0734472,nm0075834,nm0683522,nm0852578,nm0338249",0.14740986634665662
tt0112178,Star Trek: Voyager,tt0708908,4,26,8.2,880,nm0463926,"nm0734472,nm0075834,nm0683522,nm0852578,nm0103804,nm0579775",0.9033941989191885
tt0112178,Star Trek: Voyager,tt0708909,7,18,7.3,738,nm0471862,"nm0734472,nm0075834,nm0683522,nm0852578,nm0103804,nm0097004,nm0082376",-0.2305822999396093
tt0112178,Star Trek: Voyager,tt0708910,4,15,7.8,829,nm0515237,"nm0734472,nm0075834,nm0683522,nm0852578",0.3994046438708343
tt0112178,Star Trek: Voyager,tt0708911,7,2,7.7,833,nm0515237,"nm0734472,nm0075834,nm0683522,nm0852578,nm0247613,nm1201266,nm0097004",0.27340725510874603
tt0112178,Star Trek: Voyager,tt0708912,5,4,7.9,959,nm0515237,"nm0734472,nm0075834,nm0683522,nm0852578,nm0755986",0.5254020326329236
tt0112178,Star Trek: Voyager,tt0708913,5,7,7.6,898,nm0515237,"nm0734472,nm0075834,nm0683522,nm0852578,nm1201266,nm2089473",0.14740986634665662
tt0112178,Star Trek: Voyager,tt0708914,2,2,6.6,906,nm0463926,"nm0734472,nm0075834,nm0683522,nm0852578,nm0082376",-1.1125640212742305
tt0112178,Star Trek: Voyager,tt0708915,2,22,6.7,909,nm0176702,"nm0734472,nm0075834,nm0683522,nm0852578,nm0459822,nm0930042",-0.9865666325121412
tt0112178,Star Trek: Voyager,tt0708916,7,6,7.4,778,nm0471862,"nm0734472,nm0075834,nm0683522,nm0852578,nm1201266",-0.10458491117751992
tt0112178,Star Trek: Voyager,tt0708917,2,20,7.6,884,nm0484464,"nm0734472,nm0075834,nm0683522,nm0852578,nm1247294,nm2845438",0.14740986634665662
tt0112178,Star Trek: Voyager,tt0708918,1,14,7.2,947,nm0295272,"nm0734472,nm0075834,nm0683522,nm0852578,nm1236636,nm1231247,nm0082376,nm4017790,nm0632350",-0.3565796887016976
tt0112178,Star Trek: Voyager,tt0708919,5,21,6.8,762,nm0471862,"nm0734472,nm0075834,nm0683522,nm0852578,nm0298188,nm0755986,nm0082376",-0.860569243750053
tt0112178,Star Trek: Voyager,tt0708920,5,11,8.3,1000,nm0892144,"nm0734472,nm0075834,nm0683522,nm0852578,nm0579775,nm1260351,nm0103804",1.029391587681279
tt0112178,Star Trek: Voyager,tt0708921,1,15,7.1,929,nm0515237,"nm0734472,nm0075834,nm0683522,nm0852578,nm1204624,nm1203477",-0.482577077463787
tt0112178,Star Trek: Voyager,tt0708922,6,24,8.2,880,nm0934664,"nm0734472,nm0075834,nm0683522,nm0852578,nm1201266,nm0338249,nm0103804,nm0116497,nm0000585",0.9033941989191885
tt0112178,Star Trek: Voyager,tt0708923,2,19,7.5,910,nm0092853,"nm0734472,nm0075834,nm0683522,nm0852578,nm0082376",0.02141247758456835
tt0112178,Star Trek: Voyager,tt0708925,6,21,7.3,775,nm0000996,"nm0683522,nm0852578,nm0076820,nm0734472,nm0075834",-0.2305822999396093
tt0112178,Star Trek: Voyager,tt0708926,4,23,8.8,1194,nm0750913,"nm0734472,nm0075834,nm0683522,nm0852578,nm0298188,nm0103804,nm0579775",1.6593785314917227
tt0112178,Star Trek: Voyager,tt0708927,3,12,7.2,855,nm0801883,"nm0734472,nm0075834,nm0683522,nm0852578,nm0103804",-0.3565796887016976
tt0112178,Star Trek: Voyager,tt0708928,2,11,7.2,854,nm0515237,"nm0734472,nm0075834,nm0683522,nm0852578,nm0082376",-0.3565796887016976
tt0112178,Star Trek: Voyager,tt0708929,2,16,7.9,984,nm0092853,"nm0734472,nm0075834,nm0683522,nm0852578,nm0839943",0.5254020326329236
tt0112178,Star Trek: Voyager,tt0708930,6,14,7,803,nm0471862,"nm0734472,nm0075834,nm0683522,nm0852578,nm0076820,nm0103804",-0.6085744662258752
tt0112178,Star Trek: Voyager,tt0708931,4,14,8.8,1182,nm0540487,"nm0734472,nm0075834,nm0683522,nm0852578,nm0459822,nm6137748",1.6593785314917227
tt0112178,Star Trek: Voyager,tt0708932,4,12,6.8,841,nm0471862,"nm0734472,nm0075834,nm0683522,nm0852578,nm0298188",-0.860569243750053
tt0112178,Star Trek: Voyager,tt0708933,6,22,6.8,798,nm0892144,"nm0734472,nm0075834,nm0683522,nm0852578,nm0579775",-0.860569243750053
tt0112178,Star Trek: Voyager,tt0708934,7,22,7.1,749,nm0934664,"nm0734472,nm0075834,nm0683522,nm0852578,nm0434851,nm0082376",-0.482577077463787
tt0112178,Star Trek: Voyager,tt0708935,4,4,6.9,920,nm0801883,"nm0734472,nm0075834,nm0683522,nm0852578,nm0082376",-0.7345718549879635
tt0112178,Star Trek: Voyager,tt0708936,5,1,7.8,913,nm0515237,"nm0734472,nm0075834,nm0683522,nm0852578,nm0103804,nm0579775",0.3994046438708343
tt0112178,Star Trek: Voyager,tt0708937,7,8,6.6,745,nm0000996,"nm0734472,nm0075834,nm0683522,nm0852578,nm0097004,nm0496521,nm1263745",-1.1125640212742305
tt0112178,Star Trek: Voyager,tt0708938,2,5,6.9,958,nm0515237,"nm0734472,nm0075834,nm0683522,nm0852578,nm0103804",-0.7345718549879635
tt0112178,Star Trek: Voyager,tt0708939,5,8,7.1,860,nm0515237,"nm0734472,nm0075834,nm0683522,nm0852578",-0.482577077463787
tt0112178,Star Trek: Voyager,tt0708940,5,5,6.3,848,nm0470971,"nm0734472,nm0075834,nm0683522,nm0852578,nm0852899",-1.4905561875604965
tt0112178,Star Trek: Voyager,tt0708941,4,25,8.1,913,nm0082376,"nm0852578,nm0734472,nm0075834,nm0683522",0.7773968101571002
tt0112178,Star Trek: Voyager,tt0708942,6,8,7.8,888,nm0000585,"nm0734472,nm0075834,nm0683522,nm0852578,nm0938535,nm0779321,nm0298188,nm0852899",0.3994046438708343
tt0112178,Star Trek: Voyager,tt0708943,1,2,7.2,1131,nm0295272,"nm0734472,nm0075834,nm0683522,nm0852578,nm0103804,nm0873449,nm0082376",-0.3565796887016976
tt0112178,Star Trek: Voyager,tt0708944,6,10,8.4,989,nm0892144,"nm0734472,nm0075834,nm0683522,nm0852578,nm0951390,nm0082376",1.1553889764433674
tt0112178,Star Trek: Voyager,tt0708945,2,8,6.9,870,nm0176702,"nm0734472,nm0075834,nm0683522,nm0852578",-0.7345718549879635
tt0112178,Star Trek: Voyager,tt0708946,1,4,7.1,1053,nm0463926,"nm0734472,nm0075834,nm0683522,nm0852578,nm0219777,nm0103804,nm0208808,nm0082376",-0.482577077463787
tt0112178,Star Trek: Voyager,tt0708947,4,16,8.1,855,nm0247621,"nm0734472,nm0075834,nm0683522,nm0852578,nm0103804",0.7773968101571002
tt0112178,Star Trek: Voyager,tt0708948,1,9,7.3,994,nm0484464,"nm0734472,nm0075834,nm0683522,nm0852578,nm0674661,nm1223279,nm1232478,nm0830333,nm0082376",-0.2305822999396093
tt0112178,Star Trek: Voyager,tt0708949,2,3,8,1019,nm0000408,"nm0734472,nm0075834,nm0683522,nm0852578,nm0103804",0.651399421395012
tt0112178,Star Trek: Voyager,tt0708950,7,14,7.3,776,nm0934664,"nm0734472,nm0075834,nm0683522,nm0852578,nm0839943,nm0835040,nm1046275,nm1052224,nm0338249,nm0082376",-0.2305822999396093
tt0112178,Star Trek: Voyager,tt0708951,2,13,7.6,935,nm0000408,"nm0734472,nm0075834,nm0683522,nm0852578,nm0179709",0.14740986634665662
tt0112178,Star Trek: Voyager,tt0708952,7,19,7.3,832,nm0000996,"nm0734472,nm0075834,nm0683522,nm0852578,nm1201266,nm0082376",-0.2305822999396093
tt0112178,Star Trek: Voyager,tt0708953,4,10,6.8,823,nm0801883,"nm0734472,nm0075834,nm0683522,nm0852578,nm0082376",-0.860569243750053
tt0112178,Star Trek: Voyager,tt0708954,3,22,7.4,897,nm0930041,"nm0734472,nm0075834,nm0683522,nm0852578,nm1004541",-0.10458491117751992
tt0112178,Star Trek: Voyager,tt0708955,5,24,8.6,1010,nm0247621,"nm0734472,nm0075834,nm0683522,nm0852578,nm0298188,nm0755986,nm0852899",1.4073837539675438
tt0112178,Star Trek: Voyager,tt0708956,3,6,7.1,849,nm0463926,"nm0734472,nm0075834,nm0683522,nm0852578,nm0459822,nm0103804,nm0579775",-0.482577077463787
tt0112178,Star Trek: Voyager,tt0708957,7,24,7.6,766,nm0892144,"nm0734472,nm0075834,nm0683522,nm0852578,nm0835040,nm0839943,nm0696783,nm1244633",0.14740986634665662
tt0112178,Star Trek: Voyager,tt0708958,7,13,7.3,788,nm0892144,"nm0734472,nm0075834,nm0683522,nm0852578,nm1201266,nm0839943",-0.2305822999396093
tt0112178,Star Trek: Voyager,tt0708959,7,4,6.7,751,nm0463926,"nm0734472,nm0075834,nm0683522,nm0852578,nm0809245,nm0082376",-0.9865666325121412
tt0112178,Star Trek: Voyager,tt0708960,2,12,7.1,893,nm0463926,"nm0734472,nm0075834,nm0683522,nm0852578,nm0459822,nm1232405,nm1234181",-0.482577077463787
tt0112178,Star Trek: Voyager,tt0708961,2,25,7.4,907,nm0801883,"nm0734472,nm0075834,nm0683522,nm0852578",-0.10458491117751992
tt0112178,Star Trek: Voyager,tt0708962,4,17,6.8,824,nm0872442,"nm0734472,nm0075834,nm0683522,nm0852578,nm0298188,nm0459822,nm0696783,nm1244633",-0.860569243750053
tt0112178,Star Trek: Voyager,tt0708963,4,5,7.4,866,nm0082376,"nm0734472,nm0075834,nm0683522,nm0852578,nm0459822",-0.10458491117751992
tt0112178,Star Trek: Voyager,tt0708964,6,6,7.4,822,nm0206259,"nm0734472,nm0075834,nm0683522,nm0852578,nm1201266,nm0097004",-0.10458491117751992
tt0112178,Star Trek: Voyager,tt0708965,3,19,6.8,791,nm0770474,"nm0734472,nm0075834,nm0683522,nm0852578,nm0103804,nm2089473",-0.860569243750053
tt0112178,Star Trek: Voyager,tt0708967,4,7,8,924,nm0515237,"nm0734472,nm0075834,nm0683522,nm0852578,nm0459822,nm1260000,nm1004541",0.651399421395012
tt0112178,Star Trek: Voyager,tt0708968,3,26,8.9,1188,nm0515237,"nm0734472,nm0075834,nm0683522,nm0852578,nm0103804,nm0579775",1.7853759202538109
tt0112178,Star Trek: Voyager,tt0708969,4,1,8.9,1158,nm0463926,"nm0734472,nm0075834,nm0683522,nm0852578,nm0103804,nm0579775",1.7853759202538109
tt0112178,Star Trek: Voyager,tt0708970,7,11,8.2,940,nm0934664,"nm0734472,nm0075834,nm0683522,nm0852578,nm0852899,nm0839943",0.9033941989191885
tt0112178,Star Trek: Voyager,tt0708971,5,22,8.2,983,nm0000536,"nm0734472,nm0075834,nm0683522,nm0852578,nm0852899,nm0103804",0.9033941989191885
tt0112178,Star Trek: Voyager,tt0708972,6,17,6.2,808,nm0515237,"nm0734472,nm0075834,nm0683522,nm0852578,nm0298188",-1.6165535763225847
tt0112178,Star Trek: Voyager,tt0708973,1,10,7.6,966,nm0770474,"nm0734472,nm0075834,nm0683522,nm0852578,nm0007947,nm0185402,nm0082376",0.14740986634665662
tt0112178,Star Trek: Voyager,tt0708974,6,2,7.6,846,nm0934664,"nm0734472,nm0075834,nm0683522,nm0852578,nm0601822",0.14740986634665662
tt0112178,Star Trek: Voyager,tt0708975,2,9,6.2,908,nm0801883,"nm0734472,nm0075834,nm0683522,nm0852578,nm0111046",-1.6165535763225847
tt0112178,Star Trek: Voyager,tt0708976,2,1,7.4,1089,nm0176702,"nm0734472,nm0075834,nm0683522,nm0852578,nm0103804",-0.10458491117751992
tt0112178,Star Trek: Voyager,tt0708977,3,3,6.8,842,nm0484464,"nm0734472,nm0075834,nm0683522,nm0852578,nm0082376,nm1001007,nm0459822",-0.860569243750053
tt0112178,Star Trek: Voyager,tt0708978,1,5,6.5,1019,nm0515237,"nm0734472,nm0075834,nm0683522,nm0852578,nm0844214,nm0103804,nm0082376",-1.238561410036319
tt0112178,Star Trek: Voyager,tt0708979,3,18,6.4,790,nm0801883,"nm0734472,nm0075834,nm0683522,nm0852578,nm0579775,nm0103804",-1.3645587987984071
tt0112178,Star Trek: Voyager,tt0708980,5,17,6.7,840,nm0515237,"nm0734472,nm0075834,nm0683522,nm0852578,nm0852899,nm0082376",-0.9865666325121412
tt0112178,Star Trek: Voyager,tt0708981,5,19,5.2,878,nm0463926,"nm0734472,nm0075834,nm0683522,nm0852578,nm0579775,nm0852899",-2.876527463943472
tt0112178,Star Trek: Voyager,tt0708982,4,2,7.9,971,nm0930041,"nm0734472,nm0075834,nm0683522,nm0852578,nm0579775",0.5254020326329236
tt0112178,Star Trek: Voyager,tt0708983,6,25,7.2,767,nm0515237,"nm0734472,nm0075834,nm0683522,nm0852578,nm0839943,nm0082376,nm0298188",-0.3565796887016976
tt0112178,Star Trek: Voyager,tt0708985,4,19,7.8,885,nm0516493,"nm0734472,nm0075834,nm0683522,nm0852578,nm0103804,nm0579775",0.3994046438708343
tt0112178,Star Trek: Voyager,tt0708986,4,21,7.5,895,nm0516493,"nm0734472,nm0075834,nm0683522,nm0852578,nm0459822,nm2089473,nm1236630",0.02141247758456835
tt0112178,Star Trek: Voyager,tt0708987,3,11,7.2,905,nm0092853,"nm0734472,nm0075834,nm0683522,nm0852578,nm0082376,nm0683525,nm0459822",-0.3565796887016976
tt0112178,Star Trek: Voyager,tt0708988,4,6,7.5,861,nm0000996,"nm0734472,nm0075834,nm0683522,nm0852578,nm0298188,nm1004541",0.02141247758456835
tt0112178,Star Trek: Voyager,tt0708989,3,4,7.1,819,nm0801883,"nm0734472,nm0075834,nm0683522,nm0852578,nm0839943,nm0459822",-0.482577077463787
tt0112178,Star Trek: Voyager,tt0708990,2,23,7.3,1084,nm0750691,"nm0734472,nm0075834,nm0683522,nm0852578,nm0579775,nm1247281",-0.2305822999396093
tt0112178,Star Trek: Voyager,tt0708991,7,15,8,840,nm0892144,"nm0734472,nm0075834,nm0683522,nm0852578,nm0338249,nm0434851,nm0082376",0.651399421395012
tt0112178,Star Trek: Voyager,tt0708992,6,9,7.5,847,nm0934664,"nm0734472,nm0075834,nm0683522,nm0852578,nm0579775",0.02141247758456835
tt0112178,Star Trek: Voyager,tt0708993,5,20,7.6,879,nm0641343,"nm0734472,nm0075834,nm0683522,nm0852578,nm0852899,nm0103804",0.14740986634665662
tt0112178,Star Trek: Voyager,tt0708994,5,9,7.2,836,nm0463926,"nm0734472,nm0075834,nm0683522,nm0852578,nm0082376,nm0589310",-0.3565796887016976
tt0112178,Star Trek: Voyager,tt0708995,2,15,5.2,1122,nm0801883,"nm0734472,nm0075834,nm0683522,nm0852578,nm0103804,nm0006894",-2.876527463943472
tt0112178,Star Trek: Voyager,tt0708996,1,3,7.1,1107,nm0484464,"nm0734472,nm0075834,nm0683522,nm0852578,nm0447406,nm0082376",-0.482577077463787
tt0112178,Star Trek: Voyager,tt0708997,5,6,8.7,1200,nm0000996,"nm0734472,nm0075834,nm0683522,nm0852578,nm0103804,nm0579775",1.533381142729632
tt0112178,Star Trek: Voyager,tt0708998,6,4,8.5,1072,nm0116497,"nm0734472,nm0075834,nm0683522,nm0852578,nm0579775,nm1262683",1.2813863652054556
tt0112178,Star Trek: Voyager,tt0708999,6,15,7.2,852,nm0892144,"nm0734472,nm0075834,nm0683522,nm0852578,nm1201266,nm1263638",-0.3565796887016976
tt0112178,Star Trek: Voyager,tt0709000,2,24,7.6,1129,nm0092853,"nm0734472,nm0075834,nm0683522,nm0852578,nm0082376,nm0696783,nm1244633",0.14740986634665662
tt0112178,Star Trek: Voyager,tt0709001,2,6,7.1,928,nm0295272,"nm0734472,nm0075834,nm0683522,nm0852578,nm0082376,nm0748860,nm0395923",-0.482577077463787
tt0112178,Star Trek: Voyager,tt0709002,4,22,6.4,841,nm0732367,"nm0734472,nm0075834,nm0683522,nm0852578,nm1223279,nm0674661",-1.3645587987984071
tt0112178,Star Trek: Voyager,tt0709003,6,26,8,829,nm0471862,"nm0734472,nm0075834,nm0683522,nm0852578,nm0103804,nm0579775,nm0839943",0.651399421395012
tt0112178,Star Trek: Voyager,tt0709004,7,1,8,845,nm0892144,"nm0734472,nm0075834,nm0683522,nm0852578,nm0103804,nm0579775,nm0839943",0.651399421395012
tt0112178,Star Trek: Voyager,tt0709005,3,17,7.9,875,nm0000536,"nm0734472,nm0075834,nm0683522,nm0852578,nm0082376",0.5254020326329236
tt0112178,Star Trek: Voyager,tt0709006,6,13,7.2,871,nm0484464,"nm0734472,nm0075834,nm0683522,nm0852578,nm0338249,nm0082376",-0.3565796887016976
tt0112178,Star Trek: Voyager,tt0709007,4,20,6.6,760,nm0872442,"nm0734472,nm0075834,nm0683522,nm0852578,nm1201266",-1.1125640212742305
tt0112178,Star Trek: Voyager,tt0709008,4,13,7.6,835,nm0801883,"nm0734472,nm0075834,nm0683522,nm0852578,nm0097004",0.14740986634665662
tt0112178,Star Trek: Voyager,tt0709009,5,25,7.2,785,nm0470971,"nm0734472,nm0075834,nm0683522,nm0852578,nm0852899,nm0082376,nm0103804",-0.3565796887016976
tt0112178,Star Trek: Voyager,tt0709010,3,10,6.7,858,nm0515237,"nm0734472,nm0075834,nm0683522,nm0852578,nm0459822,nm0696783,nm1244633",-0.9865666325121412
tt0112178,Star Trek: Voyager,tt0709012,7,17,7.8,785,nm0206259,"nm0734472,nm0075834,nm0683522,nm0852578,nm0082376,nm0852899,nm0298188",0.3994046438708343
tt0112178,Star Trek: Voyager,tt0709013,3,25,8.1,898,nm0801883,"nm0734472,nm0075834,nm0683522,nm0852578,nm0082376",0.7773968101571002
tt0112178,Star Trek: Voyager,tt0709014,4,8,8.8,1158,nm0471862,"nm0734472,nm0075834,nm0683522,nm0852578,nm0103804,nm0579775",1.6593785314917227
tt0112178,Star Trek: Voyager,tt0709015,4,9,8.7,1093,nm0892144,"nm0734472,nm0075834,nm0683522,nm0852578,nm0103804,nm0579775",1.533381142729632
tt0244365,Star Trek: Enterprise,tt0763253,1,16,7.5,860,nm0515237,"nm0734472,nm0075834,nm0103804",0.02141247758456835
tt0244365,Star Trek: Enterprise,tt0765592,4,11,7.9,708,nm0892144,"nm0734472,nm0075834,nm0103804,nm0716320,nm0716321",0.5254020326329236
tt0112178,Star Trek: Voyager,tt0777529,2,7,6.4,871,nm0000408,"nm0734472,nm0075834,nm0683522,nm0852578,nm0844214",-1.3645587987984071
tt0112178,Star Trek: Voyager,tt0795288,5,18,7.6,974,nm0930041,"nm0734472,nm0075834,nm0683522,nm0852578,nm0298188,nm0755986",0.14740986634665662
tt0112178,Star Trek: Voyager,tt1288527,7,10,7.6,693,nm0515237,"nm0734472,nm0075834,nm0683522,nm0852578,nm0338249,nm0082376,nm0298188",0.14740986634665662
tt5171438,Star Trek: Discovery,tt5509372,1,1,7.2,5243,nm0783751,"nm0734472,nm0298188,nm0476064,nm0326040,nm5655249,nm7703735,nm8681530,nm5358492",-0.3565796887016976
tt5171438,Star Trek: Discovery,tt5835712,1,2,7.6,4759,nm0437246,"nm0734472,nm0298188,nm0476064,nm0073766,nm0361912,nm3278619,nm5358492,nm8681530",0.14740986634665662
tt5171438,Star Trek: Discovery,tt5835714,1,3,7.8,4369,nm0326040,"nm0734472,nm0298188,nm0476064,nm0073766,nm0361912,nm1153843,nm3278619,nm5358492,nm8681530",0.3994046438708343
tt5171438,Star Trek: Discovery,tt5870994,1,4,7.3,3513,nm1069989,"nm0734472,nm0298188,nm0476064,nm0018504,nm1847815,nm3278619,nm5358492,nm8681530",-0.2305822999396093
tt5171438,Star Trek: Discovery,tt5870996,1,5,7.4,3391,nm0003022,"nm3278619,nm8681530,nm0734472,nm0298188,nm0476064,nm5358492,nm0073766,nm0361912",-0.10458491117751992
tt5171438,Star Trek: Discovery,tt5870998,1,6,7.5,3055,nm0007439,"nm0734472,nm0298188,nm0476064,nm0579775,nm1014207,nm3278619,nm5358492,nm8681530",0.02141247758456835
tt5171438,Star Trek: Discovery,tt5884346,1,7,7.5,3314,nm0057106,"nm0734472,nm0298188,nm0476064,nm1847815,nm0018504,nm3278619,nm5358492,nm8681530",0.02141247758456835
tt5171438,Star Trek: Discovery,tt5888594,1,8,7,2553,nm0779350,"nm0734472,nm0298188,nm0476064,nm8681530,nm3278619,nm5358492",-0.6085744662258752
tt5171438,Star Trek: Discovery,tt5890578,1,9,8.1,2912,nm6501824,"nm0734472,nm0298188,nm0476064,nm5655249,nm7703735,nm3278619,nm5358492,nm8681530",0.7773968101571002
tt5171438,Star Trek: Discovery,tt6011050,1,10,8.1,2782,nm0000408,"nm0734472,nm0298188,nm0476064,nm3278619,nm5655249,nm7703735,nm8681530",0.7773968101571002
tt5171438,Star Trek: Discovery,tt6011052,1,11,8.1,2366,nm0779830,"nm0734472,nm0298188,nm0476064,nm0709921,nm3278619,nm8681530",0.7773968101571002
tt5171438,Star Trek: Discovery,tt6011054,1,12,8.4,2621,nm0191697,"nm0734472,nm0298188,nm0476064,nm2217962,nm3278619,nm8681530",1.1553889764433674
tt5171438,Star Trek: Discovery,tt6011058,1,13,8.3,2425,nm1069989,"nm0734472,nm0298188,nm0476064,nm1014207,nm5655249,nm7703735,nm8681530,nm3278619",1.029391587681279
tt5171438,Star Trek: Discovery,tt6902342,1,14,7.7,1803,nm0813313,"nm0734472,nm0298188,nm0476064,nm0709921,nm3278619,nm8681530",0.27340725510874603
tt5171438,Star Trek: Discovery,tt6902346,1,15,7.2,2015,nm0326040,"nm0734472,nm0298188,nm0476064,nm0073766,nm0361912,nm0326040,nm3278619,nm8681530",-0.3565796887016976
